# Exported from json2obj.py
v 0.0338186398 1.76546705 0.0670066476
v 0.032262858 1.76029396 0.0722461864
v 0.0279629398 1.76151001 0.0738534555
v 0.029398229 1.766958 0.0686369613
v 0.0352513082 1.77034807 0.0606862009
v 0.0306787286 1.77214789 0.0622858368
v 0.0631303936 1.69853699 -0.0809430331
v 0.0665156096 1.69697094 -0.0745543018
v 0.067917347 1.70469689 -0.0736798346
v 0.0644583404 1.70693398 -0.0804043189
v 0.0589705072 1.69990098 -0.087060675
v 0.0601502769 1.70896602 -0.0867736042
v 0.0576478988 1.691172 -0.086315915
v 0.0539836884 1.70097494 -0.0926776081
v 0.0528053381 1.69166505 -0.0918012112
v 0.0550193302 1.71072495 -0.092426613
v 0.0115716895 1.77652991 0.0660720393
v 0.0164456703 1.77590692 0.0654843301
v 0.0156027395 1.77017105 0.0719311908
v 0.0109704603 1.77070796 0.0725761279
v 0.0212211981 1.77499294 0.0646821484
v 0.0201742686 1.76937604 0.0710799322
v 0.0190325398 1.76352799 0.0762847289
v 0.0146862594 1.76421595 0.0771622136
v 0.01030041 1.76467597 0.077835083
v 0.0248109382 1.76828396 0.069989793
v 0.0259827897 1.77371705 0.0636190325
v 0.0235058405 1.76260602 0.0751923099
v 0.0635872558 1.77041304 -0.0111813797
v 0.0667034909 1.76613593 -0.00986959413
v 0.0649335161 1.76787996 -0.00409399997
v 0.0618119612 1.77175283 -0.00479608867
v 0.0490219593 1.71218598 -0.0973415896
v 0.0481489487 1.70181596 -0.0976709723
v 0.0471489802 1.69197404 -0.0967753306
v 0.0600211695 1.77460992 -0.0123099191
v 0.0582580082 1.77561092 -0.00537116081
v 0.0498150997 1.74167693 0.0673092604
v 0.0533289909 1.73935699 0.0639072135
v 0.0519979447 1.73606396 0.0670346171
v 0.0484276824 1.738047 0.0703913569
v 0.0566012189 1.73675501 0.0601879582
v 0.0553589277 1.73380792 0.0633201301
v 0.0542025417 1.73109889 0.0659793615
v 0.0507730171 1.73304594 0.0696525201
v 0.0471502207 1.73473096 0.0729405507
v 0.0420469902 1.74563289 0.0734292492
v 0.0460455306 1.74375892 0.0705217645
v 0.0446312279 1.73984396 0.0735065863
v 0.0406116471 1.74145591 0.0763054565
v 0.0432963073 1.73626494 0.0759462565
v 0.0392291807 1.73763108 0.078633517
v 0.0250989888 1.75073195 0.0812795311
v 0.0293071792 1.749843 0.0797999948
v 0.0278824698 1.74498391 0.0825007111
v 0.0237730592 1.74571896 0.08391729
v 0.0335458182 1.74876201 0.0780111477
v 0.0320830308 1.7440809 0.0807714164
v 0.0307051111 1.73976696 0.0829734951
v 0.0265781991 1.74048996 0.084629111
v 0.0225981586 1.74106789 0.0859757587
v 0.0197463296 1.74641001 0.0850374401
v 0.0208974779 1.75157893 0.0824606493
v 0.0187535584 1.741588 0.0870444849
v 0.0149829397 1.74204886 0.0878674462
v 0.0157969799 1.74700892 0.0859057754
v 0.0167629495 1.75230193 0.0833945423
v 0.0112236906 1.74245191 0.0884739757
v 0.0119182393 1.74746394 0.0865665898
v 0.00749907969 1.74276495 0.0888916105
v 0.00806925073 1.74779594 0.087037921
v 0.00876024459 1.75315988 0.0846815631
v 0.0127541488 1.75281203 0.0841378793
v 0.0716192275 1.70111299 0.0285504684
v 0.0710264966 1.6996119 0.0310581699
v 0.0702531338 1.70293701 0.033808168
v 0.0708860457 1.70453787 0.0312848911
v 0.070451431 1.69825804 0.0333551913
v 0.0696315765 1.70143795 0.0361532792
v 0.0785142854 1.72232187 -0.0202055499
v 0.07824976 1.71919906 -0.0149796698
v 0.0779944882 1.72331798 -0.0124741895
v 0.0782292485 1.72677088 -0.0175051503
v 0.0778574944 1.7163949 -0.0102942707
v 0.0776052922 1.72025895 -0.00793299265
v 0.0686625391 1.70467496 0.0392874107
v 0.0693295673 1.70626903 0.0368908197
v 0.070005998 1.707955 0.0343402773
v 0.0772231817 1.72416592 -0.00539522804
v 0.0775827616 1.72738397 -0.00981590059
v 0.0777559727 1.73104501 -0.0146391792
v 0.00709120929 1.73812103 0.0903284326
v 0.0035805949 1.73830199 0.0905519053
v 0.00383731001 1.74296403 0.0891449824
v 0.00678401859 1.73377502 0.091427125
v 0.0033947411 1.73393393 0.0916232169
v 0.0783134699 1.71508801 -0.0172664095
v 0.0779393464 1.71264398 -0.0124792391
v 0.078582488 1.71776199 -0.0226177499
v 5.07674849E-05 1.73400092 0.0916701853
v 0.000114336595 1.73837197 0.090619646
v 0.000203484495 1.74303997 0.0892320052
v 0.0784695968 1.71310294 -0.0245741997
v 0.0782171562 1.71098495 -0.0192003697
v 0.0254794788 1.73642588 0.0862655342
v 0.0216265395 1.73684204 0.0875197574
v 0.0295055881 1.73587906 0.0847114772
v 0.0778748095 1.70897293 -0.01440736
v 0.0362503491 1.77193689 -0.07760223
v 0.0279290006 1.77432203 -0.0797452182
v 0.0281525292 1.76673198 -0.0863642544
v 0.0364833884 1.76441193 -0.0840914771
v 0.0190958194 1.77596891 -0.0812350288
v 0.0192607492 1.76833296 -0.0878979787
v 0.0284822695 1.73227906 0.0861065164
v 0.024550179 1.73266006 0.0875540078
v 0.0208087396 1.73293102 0.0887098387
v 0.0190983992 1.75971401 -0.0940082073
v 0.0279731788 1.75816596 -0.0924590081
v 0.0362768769 1.75598991 -0.0901006237
v 0.0647495687 1.72054994 0.0489352793
v 0.0663663298 1.71746898 0.0449840203
v 0.0656312481 1.71563792 0.0474884175
v 0.0639777258 1.71866095 0.051422026
v 0.0677361488 1.71430993 0.0412396379
v 0.0670281425 1.71252799 0.04375346
v 2.60665001E-05 1.760795 -0.0949739814
v 0.00970329531 1.760589 -0.0947547033
v 0.00991658214 1.76918495 -0.088786006
v 0.00033581641 1.76935697 -0.0891477764
v 0.0663397685 1.71082199 0.0461057089
v 0.0649122447 1.71387804 0.0498410873
v 0.063221097 1.71684003 0.0537596308
v 0.0420778394 1.73308802 0.0779319331
v 0.0379486978 1.73418593 0.0805419236
v 0.0460196473 1.73181701 0.0749997795
v 0.0450277887 1.72917497 0.0766983703
v 0.0410073996 1.73021293 0.0795581192
v 0.0368268602 1.73105192 0.0820999444
v 0.034978319 1.73880601 0.0809762254
v 0.0337093882 1.73512208 0.0828020051
v 0.0326129012 1.73173988 0.084284544
v 0.0497050285 1.73035991 0.0717782751
v 0.0531939194 1.72862697 0.0681754276
v 0.0522935279 1.72629797 0.070064567
v 0.0487656593 1.72788489 0.0735631809
v 0.060403388 1.72618186 0.0574448556
v 0.0627918094 1.72344697 0.0531194657
v 0.061981909 1.72149193 0.0555577502
v 0.0595414191 1.72411489 0.0598117784
v 0.0611976199 1.71959794 0.0578177087
v 0.058725547 1.72211587 0.0619563088
v 0.0574762821 1.72877192 0.0618197285
v 0.0565425307 1.72651696 0.0641012192
v 0.0556863286 1.72436285 0.0661160201
v 0.017943399 1.737198 0.0885306969
v 0.0143310102 1.73752189 0.0893237591
v 0.0172536094 1.733145 0.0896569118
v 0.01377769 1.73333991 0.0904185921
v 0.0102667902 1.73356497 0.0910172909
v 0.0106939394 1.73784494 0.0899217501
v 0.0473202504 1.78252387 0.00994903781
v 0.0515954308 1.77930796 0.00960805081
v 0.0501749776 1.77848792 0.0172745492
v 0.0458580405 1.781569 0.0180445798
v 0.0554090776 1.77599895 0.00922663696
v 0.0540726408 1.77533793 0.0164414197
v 0.0682590529 1.70943594 0.040213991
v 0.0689540803 1.71117592 0.0376754813
v 0.0675788224 1.70777893 0.04259675
v 0.0527647883 1.77414501 0.023865521
v 0.048805628 1.77718794 0.0251181591
v 0.0444812365 1.78013396 0.0262846388
v 0.0618531592 1.769274 0.00833545066
v 0.0632946268 1.768929 0.00204020902
v 0.0657930896 1.76544297 0.00232647685
v 0.0644104108 1.76591003 0.00804367196
v 0.0674057007 1.76416588 -0.00320252194
v 0.0504599363 1.78284192 -0.0319172405
v 0.0520986579 1.78029799 -0.0399888791
v 0.0572366901 1.77618194 -0.03750927
v 0.0554205403 1.77888501 -0.0299290195
v 0.0728838444 1.70476294 0.0228028204
v 0.0734661296 1.70155799 0.0201941207
v 0.0728443265 1.6996119 0.0232629478
v 0.0722453594 1.70284188 0.0257520191
v 0.0739359334 1.69842887 0.0177266095
v 0.0733440742 1.69646299 0.020917939
v 0.0488669686 1.78467095 -0.0235126894
v 0.0536734574 1.78089201 -0.0220202394
v 0.0693318993 1.76048493 -0.00185432995
v 0.0678106174 1.76198101 0.00287719001
v 0.0727428198 1.69468904 0.024009699
v 0.0722296238 1.69787395 0.0261789784
v 0.0665581524 1.76255202 0.00781741273
v 0.0735736489 1.68809903 0.0197245087
v 0.0731876791 1.69143999 0.0218811985
v 0.0737554803 1.69327688 0.0185409784
v 0.0740858391 1.69001997 0.016140379
v 0.0742932707 1.69525695 0.0152574591
v 0.0745502785 1.69205201 0.0127734896
v 0.0721464977 1.69329298 0.0267948695
v 0.0716474205 1.69646502 0.0287331101
v 0.0715507269 1.69234991 0.0293767992
v 0.0710853189 1.69532895 0.0310539789
v 0.0710108429 1.7475369 -0.0539407469
v 0.0737971663 1.742998 -0.0490142107
v 0.0730910227 1.74894297 -0.0442359671
v 0.0702467635 1.75365007 -0.0487197675
v 0.075867258 1.73849893 -0.0437570624
v 0.075242497 1.74425197 -0.0394754596
v 0.0164799988 1.79521298 -0.0480293594
v 0.0245227907 1.79315197 -0.0471703559
v 0.0238988586 1.79518485 -0.0379276276
v 0.0160295293 1.79713106 -0.0386716388
v 0.0323304012 1.79053402 -0.0459761806
v 0.0315175205 1.79269803 -0.0368909389
v 0.0307374001 1.7941879 -0.0275028609
v 0.0233534276 1.79653597 -0.0284012388
v 0.0156923495 1.79833496 -0.0290328395
v 0.00825334992 1.79837203 -0.0391869396
v 0.00845793169 1.79655302 -0.0486921407
v 0.00816032477 1.799474 -0.0294095706
v 0.000640275015 1.79986203 -0.0295209792
v 0.00048507101 1.79879999 -0.0394229181
v 0.000418746495 1.79702294 -0.0490489081
v 0.0755542144 1.73924696 -0.00130508095
v 0.0754691362 1.74282897 -0.00564092211
v 0.0763496906 1.73896301 -0.00874385796
v 0.0763832703 1.73525298 -0.00423486717
v 0.0753461644 1.73603392 0.00299213571
v 0.0761468187 1.73199201 0.000134721602
v 0.0080490848 1.80013502 -0.0193853285
v 0.000778873684 1.8005079 -0.0193712898
v 0.0153304897 1.79903197 -0.0191835798
v 0.0741522312 1.68089998 0.0148329102
v 0.0736777857 1.67910004 0.0188951604
v 0.0733312145 1.68284893 0.0214658193
v 0.0739118606 1.68463898 0.0174700394
v 0.0730792508 1.67752695 0.0231903289
v 0.0726275295 1.68114102 0.0256583802
v 0.072020933 1.68490791 0.0283109676
v 0.0729307458 1.6863699 0.0235617701
v 0.0725552067 1.68988991 0.0252046194
v 0.0718643814 1.68902993 0.0284514688
v 0.0740748569 1.67164898 0.00725897076
v 0.0738196075 1.67039895 0.0129930694
v 0.0738923177 1.67490399 0.0158314295
v 0.0742421821 1.676705 0.0115274591
v 0.0734790415 1.66923904 0.0180464294
v 0.0734165162 1.67351496 0.0205507111
v 0.0148024494 1.79896998 -0.00918579381
v 0.0077823489 1.80003989 -0.00922434498
v 0.00076643785 1.80039787 -0.00913600158
v 0.0773206577 1.70448196 -0.0391898379
v 0.0768364593 1.698192 -0.0354557484
v 0.0772315562 1.699489 -0.0310549308
v 0.0778061375 1.70436203 -0.032071691
v 0.0764424428 1.69359803 -0.0329463892
v 0.0767633393 1.69510293 -0.0296024885
v 0.0768779144 1.69576895 -0.0260622799
v 0.0773234665 1.6996119 -0.0264576413
v 0.0778369978 1.70375693 -0.0265667606
v 0.0691016018 1.7539469 0.0147231799
v 0.06938494 1.75561988 0.0104311593
v 0.0708619505 1.75279999 0.00866851211
v 0.0707415789 1.7504679 0.0127797304
v 0.069436796 1.75670588 0.00778081175
v 0.0704941005 1.75530303 0.0055491887
v 0.0743038505 1.74948895 -0.0349803381
v 0.0720137358 1.75430298 -0.0392654091
v 0.0690463856 1.75911498 -0.0433072783
v 0.0740427673 1.73679495 -0.0533890203
v 0.07609988 1.73248196 -0.0475846007
v 0.0712579116 1.74114692 -0.0588129684
v 0.0711039677 1.73449397 -0.0632003546
v 0.0739113688 1.73032296 -0.057235349
v 0.0759759694 1.72617793 -0.0508473106
v 0.0773124695 1.73405504 -0.0380290374
v 0.0767754689 1.73963499 -0.0343699791
v 0.07817927 1.72980499 -0.0320341401
v 0.0777354911 1.73512888 -0.0289242007
v 0.0770438239 1.74002802 -0.0254878402
v 0.0759593248 1.74473488 -0.0304277986
v 0.077505447 1.72819102 -0.04126231
v 0.0783212185 1.72420299 -0.0347848199
v 0.077388227 1.72200298 -0.0439169481
v 0.0782095641 1.71827185 -0.0369668268
v 0.0785382092 1.72587907 -0.0259866901
v 0.0781870857 1.73077798 -0.0231422707
v 0.0776144862 1.73536301 -0.0200434998
v 0.0786337852 1.72076702 -0.0285082087
v 0.0785188675 1.71542096 -0.0305085108
v 0.0629067943 1.75658202 -0.0631825104
v 0.0674109384 1.75207794 -0.0586946569
v 0.0666281953 1.758322 -0.053011138
v 0.062110398 1.76293504 -0.0570737682
v 0.0653608888 1.76385605 -0.0471343882
v 0.0608277693 1.76848793 -0.0507574864
v 0.0676441193 1.74556589 -0.0640366673
v 0.0631394163 1.74991798 -0.0689233392
v 0.01342793 1.79634798 0.0108108902
v 0.00695873005 1.7971549 0.01090209
v 0.00736094452 1.79893088 0.000883481116
v 0.0140975397 1.79799187 0.000848660769
v 0.000428207393 1.79743099 0.0109895002
v 0.000604186789 1.79923201 0.000976725598
v 0.0602402091 1.77250695 0.00192370289
v 0.0567644574 1.77608001 0.00188215193
v 0.0588395856 1.77264488 0.00876665767
v 0.0503757 1.78276002 -0.00636671158
v 0.0544918105 1.77927589 -0.00588490767
v 0.052998919 1.77955902 0.00182041188
v 0.0488240272 1.78290498 0.00175499008
v 0.0656983852 1.76722896 -0.0320552289
v 0.0690480471 1.76251996 -0.0290823095
v 0.0672964007 1.76578391 -0.0233582594
v 0.0638257936 1.77041698 -0.0257045198
v 0.0717557445 1.75775099 -0.0258017294
v 0.0701932982 1.76103187 -0.0207233503
v 0.0684927776 1.76382089 -0.0153770596
v 0.0654519945 1.768448 -0.0173323397
v 0.0619189963 1.77294004 -0.0190495383
v 0.0737634972 1.75297189 -0.0220666397
v 0.0724363849 1.75632703 -0.0176959094
v 0.0751401484 1.74818397 -0.0179143902
v 0.074034296 1.75167203 -0.0141672799
v 0.0727158263 1.75490904 -0.0103371292
v 0.0709226951 1.75931299 -0.0131419003
v 0.0489390083 1.77708685 -0.0574140102
v 0.0476158522 1.78108704 -0.0500940308
v 0.0407476909 1.78462195 -0.0525793508
v 0.0419340879 1.78072798 -0.0603680611
v 0.0462545902 1.78408706 -0.04226394
v 0.0396191999 1.78750396 -0.0442994572
v 0.033282008 1.78770196 -0.0546201058
v 0.0343561769 1.78382003 -0.0627924576
v 0.0178919304 1.78817391 -0.0656951964
v 0.0262891501 1.78630006 -0.0644794405
v 0.0253331494 1.79027891 -0.0560470372
v 0.0171221308 1.79228699 -0.0570727661
v 0.0649212524 1.76115203 0.0182291102
v 0.065632306 1.76227701 0.0128392987
v 0.0676465183 1.75886297 0.011778689
v 0.0671489611 1.75756502 0.0165505689
v 0.0683405697 1.75920391 0.00758320512
v 0.0130144702 1.79430604 0.0206524394
v 0.00676397607 1.795084 0.0208544582
v 0.0128285894 1.79197097 0.0304536875
v 0.0067619998 1.79274094 0.0307703894
v 0.00047029421 1.79305887 0.0309755299
v 0.000362980296 1.79538798 0.0209990591
v 0.0721949264 1.70816398 0.0256934501
v 0.0728317872 1.71024394 0.0227486882
v 0.0735140592 1.70684791 0.0198419392
v 0.0713736787 1.71160507 0.0288214292
v 0.0720267296 1.71368301 0.0258581899
v 0.0726670101 1.71589994 0.0227487106
v 0.0734621584 1.71243608 0.019695349
v 0.0741382316 1.70901787 0.0168140102
v 0.0243784692 1.66438591 -0.0976316333
v 0.0315894708 1.66518795 -0.094767265
v 0.0321669281 1.67357695 -0.0991083756
v 0.0248175301 1.67291391 -0.102049701
v 0.0165916793 1.66374207 -0.0998308063
v 0.0169317108 1.67238402 -0.104271896
v 0.0705107003 1.70229006 -0.066960454
v 0.071732536 1.70946586 -0.0652582198
v 0.069086872 1.71257091 -0.0721964985
v 0.0724378675 1.69969606 -0.0601507798
v 0.0736798197 1.70618296 -0.0580419302
v 0.0747720823 1.71280098 -0.0556959361
v 0.0727515891 1.71661496 -0.0630685911
v 0.0700119734 1.72029006 -0.069983907
v 0.074802652 1.69392693 -0.0468655378
v 0.073901616 1.69687498 -0.0531738512
v 0.0727579594 1.691172 -0.0551965274
v 0.073761411 1.68888307 -0.0492135808
v 0.0712175891 1.69335794 -0.0617018603
v 0.0699305832 1.68717098 -0.0625488162
v 0.0715952069 1.68563402 -0.0564805418
v 0.0727322102 1.68398404 -0.0508090854
v 0.0649714917 1.68947685 -0.0745877475
v 0.0677265897 1.68842494 -0.0685846508
v 0.0691742599 1.69526994 -0.0681441575
v 0.0707332417 1.72280586 0.0293489192
v 0.0717777386 1.71937096 0.0259473789
v 0.0710941702 1.71707702 0.0291300286
v 0.0699856356 1.72041702 0.0326316915
v 0.0703918785 1.71493602 0.032142479
v 0.0692222938 1.71820092 0.0357044674
v 0.000987478881 1.76498091 0.0784941688
v 0.00570497848 1.7649169 0.0782982409
v 0.00518557476 1.75903499 0.0821440071
v 0.000742468343 1.75910401 0.0823002607
v 0.00953019317 1.7588079 0.0817378536
v 0.00466904789 1.75339091 0.0850094184
v 0.000520476489 1.75347793 0.085128881
v 0.0686525404 1.72369897 0.036433138
v 0.0694720745 1.72615194 0.033010859
v 0.0678428784 1.72144294 0.0395574793
v 0.0662579164 1.72462487 0.0435686
v 0.0671161786 1.72693992 0.0403740294
v 0.0680091977 1.72947907 0.036793869
v 0.0653925166 1.73016202 0.0442912392
v 0.0663523823 1.73284996 0.040558327
v 0.064467594 1.72770596 0.0476027392
v 0.0623186305 1.73074901 0.0517310463
v 0.0633327365 1.73341203 0.0482914373
v 0.0643638521 1.73629594 0.0444181897
v 0.0607804395 1.73673487 0.0524824895
v 0.0619020052 1.73984396 0.0484875925
v 0.059646491 1.73382795 0.0560262017
v 0.0704005882 1.67452693 -0.0518100783
v 0.0689259097 1.67490792 -0.0567596704
v 0.0676940158 1.66926301 -0.055812519
v 0.0693131313 1.66932094 -0.0511957854
v 0.0670214668 1.67514205 -0.061812859
v 0.0656836703 1.66908395 -0.0604564808
v 0.0643922612 1.66299605 -0.0585127659
v 0.0664904416 1.66350091 -0.0541876778
v 0.0682154372 1.66391397 -0.0498525463
v 0.0715764612 1.67930794 -0.0516731106
v 0.0702721998 1.68028998 -0.0569879003
v 0.0684849769 1.68113196 -0.0625461563
v 0.0618601069 1.67532492 -0.07173419
v 0.0646543205 1.67527401 -0.0667587668
v 0.0661756694 1.68178403 -0.0680406094
v 0.0633897036 1.68228495 -0.0735400766
v 0.0578657463 1.73995185 0.0565702468
v 0.0590975694 1.74330497 0.0524636395
v 0.0632932335 1.66882193 -0.064957805
v 0.0604716204 1.66851389 -0.0694767684
v 0.0547125489 1.74287498 0.0602501892
v 0.0560750552 1.74649894 0.0560338013
v 0.0512715094 1.74553096 0.0636498034
v 0.0527374968 1.74945092 0.0593465604
v 0.0474988595 1.74794495 0.0669024289
v 0.0489961579 1.75218904 0.0625594482
v 0.0434757508 1.75012803 0.0698742121
v 0.044978451 1.75469398 0.0655362904
v 0.0349956006 1.75375307 0.0745924264
v 0.0392717682 1.75209594 0.0724203885
v 0.0378363095 1.74732995 0.0759067088
v 0.0365061201 1.75881195 0.0703434497
v 0.040780548 1.75692391 0.0681189001
v 0.030763099 1.755018 0.0764450282
v 0.0265129711 1.75604904 0.0779954493
v 0.0178655684 1.75782192 0.0802867934
v 0.01370278 1.75841093 0.0811151937
v 0.0221744701 1.757007 0.0792627856
v 0.0624500699 1.7645309 0.0197238494
v 0.0633293018 1.76561403 0.0137414094
v 0.0596389994 1.76778698 0.0211243704
v 0.0606693476 1.76889396 0.0145985996
v 0.00993126258 1.77687299 -0.08225023
v 0.0575775281 1.772138 0.0155240195
v 0.0563927293 1.77100289 0.0225204304
v 0.000574194477 1.77706802 -0.0827443972
v 0.0771202371 1.73507285 -0.0117317494
v 0.0770514905 1.73133194 -0.00707004406
v 0.0186064094 1.7826829 -0.0737813562
v 0.0097110495 1.78375697 -0.0748342052
v 0.0093072271 1.78943098 -0.0666836277
v 0.0767541751 1.72805798 -0.0026848237
v 0.0741007403 1.71466994 0.0165027492
v 0.0747533962 1.71119094 0.01366538
v 0.0733199269 1.71820402 0.01947782
v 0.0739581808 1.72063291 0.0160195809
v 0.0747135133 1.71700096 0.0131104691
v 0.0753306895 1.71344495 0.0103128506
v 0.07615982 1.74434006 -0.0217531603
v 0.0768571198 1.73952806 -0.0167580284
v 0.0759686679 1.74339199 -0.0133894999
v 0.0552985817 1.7729609 -0.0541934371
v 0.0537565984 1.77712488 -0.0473324209
v 0.0591143072 1.77280998 -0.0443589091
v 0.0636636689 1.76826203 -0.0411942825
v 0.0674803555 1.76354897 -0.0378418714
v 0.0617644489 1.77180493 -0.0348649696
v 0.0706419796 1.758762 -0.0343020707
v 0.0731347874 1.75394797 -0.0304895397
v 0.0749470815 1.74914598 -0.0263202097
v 0.000598675921 1.78987586 -0.0672656819
v 0.0088413693 1.7936399 -0.0579125471
v 0.000474390778 1.79412401 -0.0584025085
v 0.0772406086 1.69920397 -0.022222599
v 0.07766819 1.70291102 -0.0216478202
v 0.0768575072 1.69572794 -0.0226228684
v 0.0767725781 1.69518602 -0.0193694998
v 0.0770796835 1.69839287 -0.0183982886
v 0.0774168 1.70181108 -0.0173116904
v 0.0510711372 1.75008094 -0.0832853839
v 0.0439932011 1.75325096 -0.0870075971
v 0.0436019413 1.74442399 -0.0925452039
v 0.0506507903 1.7417289 -0.0887046158
v 0.035884738 1.74672389 -0.0956928432
v 0.0354098082 1.73663092 -0.100281291
v 0.0431225486 1.73482096 -0.0970318839
v 0.050135348 1.73266196 -0.0930605978
v 0.0734758675 1.72358596 -0.0604296774
v 0.0755342692 1.71954095 -0.0534265414
v 0.0706826374 1.72757292 -0.0669584721
v 0.0770030767 1.71542597 -0.0458341576
v 0.0778925866 1.71195006 -0.0383891985
v 0.076279521 1.70885897 -0.0477600358
v -0.0716690198 1.71145093 0.0291623585
v -0.070935078 1.709571 0.0319743715
v -0.0718776509 1.70608199 0.0289264005
v -0.072595045 1.70796204 0.0260764696
v -0.0701963902 1.70782304 0.0346423201
v -0.071162492 1.70436394 0.0316274688
v -0.0719723701 1.70089006 0.0289468281
v -0.0726696253 1.70259905 0.0261759982
v -0.0733768865 1.70450604 0.0232439991
v -0.0677670389 1.71422303 0.0415065885
v -0.0690598488 1.71107292 0.0379531085
v -0.0698179826 1.71287704 0.03528836
v -0.0685319602 1.71608591 0.03885803
v -0.0705857277 1.71481192 0.0324638598
v -0.0693234205 1.71809494 0.0360238999
v -0.0646538511 1.72046196 0.0492029376
v -0.066327408 1.71738791 0.0452481508
v -0.0670763925 1.71929598 0.042668052
v -0.0654066727 1.7224189 0.0466695875
v -0.067857407 1.72134292 0.0398830287
v -0.0661965162 1.72451794 0.0439029969
v -0.00776010985 1.75317395 0.0847409144
v -0.00363996997 1.75339699 0.0850375891
v -0.00353506999 1.74803209 0.0873361453
v -0.0074118576 1.74782693 0.0870739147
v 0.000339352118 1.74810195 0.0874193683
v -0.00343511999 1.74298286 0.0891563669
v -0.00710488902 1.74279904 0.0889174119
v -0.0328759514 1.74882591 0.0783790499
v -0.0315962285 1.74414992 0.0810272023
v -0.0359072499 1.74294794 0.0790031105
v -0.0372088403 1.74738693 0.0763056874
v -0.0303687397 1.73984206 0.0831443965
v -0.0346384197 1.73886991 0.0811730847
v -0.0388868488 1.73767698 0.0788463503
v -0.0401587896 1.74149787 0.0766061023
v -0.0414616093 1.74567389 0.0738430694
v -0.0634751096 1.72538805 0.0508078374
v -0.0626537725 1.72335291 0.0533864014
v -0.0643422604 1.72758806 0.0479426458
v -0.0621218011 1.73063195 0.0520748086
v -0.0611382462 1.7282629 0.0550655387
v -0.0602140985 1.72608995 0.0577051304
v -0.0539120995 1.73104393 0.0662194118
v -0.0572349764 1.72869289 0.0620714985
v -0.0582643971 1.73109889 0.059425585
v -0.0550291464 1.73373902 0.0636083707
v -0.0593702383 1.73371994 0.0563670285
v -0.0562363565 1.73667395 0.0605375692
v -0.0493075177 1.74166298 0.0677018091
v -0.0480034687 1.73803794 0.0706936568
v -0.0516130105 1.73602486 0.0673289225
v -0.0528840497 1.73930991 0.0642747208
v -0.046804551 1.73473096 0.0731705576
v -0.0504472591 1.73301804 0.0698860288
v -0.0441869088 1.73986292 0.0738127753
v -0.0454970598 1.74377584 0.0709336177
v -0.0429452285 1.73628998 0.0761701465
v -0.0243359897 1.75078702 0.0815343559
v -0.0232487284 1.74578595 0.0840839371
v -0.0273803994 1.74505401 0.0827132091
v -0.0285950396 1.74990487 0.0801147446
v -0.0222603008 1.74114501 0.0860811621
v -0.0262459889 1.740569 0.0847678557
v -0.0200691 1.75162506 0.0826568455
v -0.0191891398 1.74647093 0.0851618275
v -0.0158642493 1.75233591 0.0835392177
v -0.0152010592 1.74706101 0.085994564
v -0.0146167194 1.74211097 0.0879217014
v -0.0184027683 1.74165893 0.0871211141
v -0.0112880599 1.74750698 0.0866283104
v -0.0108413696 1.74250197 0.0885129124
v -0.0117977401 1.75283492 0.0842376053
v -0.0704723522 1.70278108 0.0341220163
v -0.071314685 1.69941187 0.03142244
v -0.0694724768 1.70615089 0.0371656977
v -0.0687628463 1.70457196 0.0395333394
v -0.0697996914 1.70130098 0.0364363603
v -0.0706818104 1.69808102 0.0336856693
v -0.00335355592 1.73831999 0.0905617401
v -0.00686846068 1.73815596 0.0903476402
v -0.00329140085 1.73395002 0.0916285589
v -0.0066819475 1.73380709 0.0914351568
v -0.0214202683 1.73692191 0.0875839293
v -0.0252676997 1.73650694 0.0863503218
v -0.0207010191 1.73301184 0.08875186
v -0.0244315006 1.73273993 0.08761096
v -0.028349299 1.73235703 0.0861794353
v -0.0292845797 1.73595703 0.0848209336
v -0.063877441 1.71858084 0.0516605787
v -0.0655744001 1.71556592 0.0477237292
v -0.0631185472 1.71676886 0.0539690107
v -0.0648423731 1.71381497 0.0500483513
v -0.0663224608 1.71075296 0.0463175811
v -0.0670325384 1.71244991 0.043993149
v -0.0376936197 1.73423994 0.0806913823
v -0.0418035202 1.73312104 0.0780946687
v -0.036642421 1.73110795 0.0822057724
v -0.0407974459 1.73024988 0.0796778351
v -0.0448033623 1.72919095 0.0768345445
v -0.0457395054 1.73182595 0.0751752108
v -0.0334751606 1.73519194 0.0829339102
v -0.0324558578 1.73180997 0.0843755677
v -0.0494327769 1.73034394 0.0719651878
v -0.0485397913 1.72787702 0.0737126395
v -0.0520799309 1.72626603 0.0702274814
v -0.0529426709 1.728585 0.0683746561
v -0.0593647473 1.72403395 0.0600380898
v -0.0618450679 1.72140694 0.0557932593
v -0.0585641079 1.72204804 0.0621505305
v -0.0610650294 1.71952391 0.0580221862
v -0.0563261583 1.72645092 0.0643147677
v -0.0554960556 1.72430885 0.0662959814
v -0.0141253807 1.73758602 0.0893571153
v -0.01773878 1.73727202 0.0885771289
v -0.0136803491 1.73340094 0.0904373601
v -0.0171544887 1.733217 0.0896855742
v -0.0104806097 1.73789501 0.0899464786
v -0.0101671303 1.7336129 0.0910294205
v -0.0683283582 1.70934296 0.0404650867
v -0.0676160008 1.70769799 0.0428196378
v -0.0733364671 1.69931197 0.0237502102
v -0.0740327686 1.70124102 0.0207002405
v -0.0726420581 1.69759989 0.0266341399
v -0.0731963292 1.69436705 0.0245230887
v -0.0738853514 1.69610989 0.0214682594
v -0.0745567083 1.69805598 0.0182971898
v -0.074056007 1.68769896 0.020336261
v -0.0746678561 1.68957794 0.016797889
v -0.074327141 1.69287503 0.0191503596
v -0.0736643597 1.69107497 0.0224485192
v -0.0752116889 1.69158792 0.0134509001
v -0.0749460608 1.69483507 0.0158875398
v -0.0719881803 1.69621897 0.0291511975
v -0.0725188777 1.69300699 0.0272633899
v -0.0713630989 1.69511199 0.031433221
v -0.0718520582 1.69210005 0.0297969785
v 0.0782404095 1.70981288 -0.0317950509
v 0.0782205984 1.70834398 -0.025915049
v 0.0674552694 1.73873794 -0.0689097419
v 0.066998966 1.73152208 -0.0731725767
v 0.0629276857 1.7428509 -0.074226819
v 0.0624309666 1.73527491 -0.0789427683
v 0.0617691278 1.72708488 -0.0827548504
v 0.0663346499 1.72380698 -0.0766019672
v 0.072119832 1.72800791 0.0221889094
v 0.0730993599 1.72432399 0.0190567598
v 0.0724450648 1.72177994 0.0225896314
v 0.0714411214 1.72533703 0.0258564297
v 0.00134928897 1.77707994 0.0667012855
v 0.00652020844 1.77694106 0.0665037781
v 0.00615357095 1.77102196 0.0730401054
v 0.00122078496 1.77111995 0.0732488781
v 0.0702621788 1.72880697 0.0292975493
v 0.068892166 1.73226106 0.0328347199
v 0.0590812303 1.66175508 -0.0668579116
v 0.0619645491 1.66238689 -0.062698558
v 0.0697230026 1.73519099 0.02862533
v 0.0710081533 1.73161185 0.0253804494
v 0.0717705786 1.75313091 0.00302810315
v 0.072177954 1.74997687 0.00656192983
v 0.0721364766 1.74704409 0.0106634405
v 0.074394539 1.73997402 0.0057624015
v 0.0733385757 1.74359596 0.00832177233
v 0.0734268576 1.746732 0.00418524584
v 0.0745683685 1.74313402 0.00155664992
v 0.0731339753 1.7501179 0.000317260216
v 0.0744189546 1.74658 -0.00257451204
v 0.0552348606 1.76924384 0.0300652087
v 0.0514935479 1.77246201 0.0318375304
v 0.0586560294 1.76593196 0.0281956587
v 0.0576804765 1.76343203 0.0353840068
v 0.0541452765 1.766837 0.0376836881
v 0.0503315777 1.77011001 0.0398494788
v 0.0739859268 1.73682904 0.01009739
v 0.0729405284 1.74051607 0.0127187893
v 0.0734246224 1.73375702 0.0143660791
v 0.0723577216 1.73748899 0.0171364695
v 0.0711407885 1.74116695 0.0198190697
v 0.0717420205 1.74412 0.0151803093
v 0.0686732009 1.75156593 0.0198010001
v 0.0666505694 1.75541306 0.02207998
v 0.0680846423 1.74871993 0.0251826812
v 0.0660218 1.75267386 0.0279282406
v 0.063591592 1.75652993 0.0305947997
v 0.0643020198 1.75916302 0.0242712498
v 0.070346497 1.74780107 0.0175212398
v 0.069754228 1.74489892 0.0224903785
v 0.0749183521 1.73289788 0.00727613689
v 0.0757061765 1.72890103 0.00437858608
v 0.0751508921 1.72597897 0.00845954102
v 0.074357152 1.72988296 0.0114314901
v 0.0737427995 1.72702491 0.0153480694
v 0.0727932453 1.73081493 0.0183769092
v 0.0745680258 1.72322404 0.0123433992
v 0.0682396963 1.73878992 0.0319198295
v 0.0690463185 1.74186599 0.0272891093
v 0.0704707056 1.73817503 0.0242942683
v 0.0664013401 1.74248695 0.0353707299
v 0.0673112124 1.74565303 0.0303897802
v 0.071709998 1.73451197 0.0213419497
v 0.0651111081 1.74960291 0.0336577706
v 0.0625559092 1.75347304 0.0368284993
v 0.06404984 1.74635184 0.0390852578
v 0.0613747314 1.7501539 0.0426820181
v 0.0608220883 1.76005602 0.0330514386
v 0.0597562119 1.75701988 0.0396343395
v 0.0566331074 1.76038992 0.0422560126
v 0.058563862 1.75365901 0.0457792804
v 0.0554729514 1.75695801 0.0486303605
v 0.0531218909 1.76373994 0.0448786281
v 0.049302958 1.76692498 0.0473660901
v 0.0519766361 1.76015699 0.051500909
v 0.0481363907 1.76315904 0.0542320199
v 0.0420893356 1.77581406 0.0434833802
v 0.0463545509 1.77307904 0.0417758152
v 0.0452597179 1.76979792 0.0495773293
v 0.0409708954 1.77239299 0.0515364856
v 0.044022359 1.7658689 0.0566684194
v 0.0397005193 1.76827097 0.0588157699
v 0.0325629488 1.78068101 0.0463564284
v 0.037425518 1.77838695 0.0450031087
v 0.036402557 1.77474105 0.0532567091
v 0.0316787697 1.77681303 0.0547585376
v 0.061657235 1.76261795 0.0262877103
v 0.0432332791 1.77830696 0.0349141099
v 0.0475224182 1.77546394 0.03345019
v 0.0385357179 1.78103888 0.0362360701
v 0.0397597887 1.78299189 0.0273679886
v 0.0335713588 1.783499 0.0374126919
v 0.0347044989 1.78557909 0.0283150598
v 0.00686668186 1.79005396 0.0406840965
v 0.000760024937 1.79033399 0.0408824086
v 0.0127281593 1.78936398 0.0403376706
v 0.0125452988 1.7860769 0.0498414598
v 0.00692939665 1.78666592 0.0501952693
v 0.00109279295 1.78688896 0.0503732301
v 0.0227991696 1.78409803 0.0485668778
v 0.0177906696 1.78524089 0.0493114181
v 0.0181424003 1.78841591 0.0398806073
v 0.0233221781 1.78714991 0.0392639376
v 0.01846583 1.79089594 0.0301072393
v 0.0239037797 1.78948891 0.0296621192
v 0.00680823298 1.78223097 0.0588487089
v 0.0121431397 1.78173006 0.0584612153
v 0.00131117704 1.782408 0.0590356663
v 0.0172145199 1.78100598 0.0579031259
v 0.0221108291 1.77997887 0.0571144
v 0.027705349 1.78258193 0.0475644283
v 0.0269214511 1.77856791 0.056057699
v 0.0293691102 1.78773189 0.0290725082
v 0.0284836404 1.78552306 0.038433671
v 0.0752743557 1.71949196 0.00945570134
v 0.0758456513 1.71584702 0.006671682
v 0.0758014396 1.72215295 0.00558239873
v 0.0763215125 1.71842408 0.00281152385
v 0.0763146132 1.72500396 0.00153365592
v 0.0767905861 1.7211889 -0.00120142393
v 0.0746640116 1.70566893 0.0141321896
v 0.0740724504 1.70358706 0.0171793308
v 0.0750658512 1.70240486 0.0115588903
v 0.0745115802 1.70040202 0.0146404188
v 0.0769420639 1.69729197 -0.0150435893
v 0.0771990493 1.70044899 -0.013566969
v 0.076694265 1.69435501 -0.01639539
v 0.0765483826 1.69323194 -0.0134947598
v 0.0767609477 1.69593501 -0.0119045097
v 0.076961197 1.69885886 -0.0101612788
v 0.0751263797 1.68514991 -0.00226403004
v 0.0748349875 1.68241096 0.000213164894
v 0.0750131756 1.68518794 0.00252730399
v 0.0753264949 1.68778503 -0.000178027592
v 0.0745983124 1.67938697 0.00256466074
v 0.0747468919 1.68240201 0.00529193785
v 0.0747915581 1.68560386 0.00775552541
v 0.0751134455 1.68808591 0.0047447118
v 0.0754730478 1.69053602 0.00193633302
v 0.0764715075 1.69434202 -0.00872974005
v 0.076652348 1.69708884 -0.00683527393
v 0.0762653276 1.69181108 -0.0104739796
v 0.0758978054 1.6900059 -0.00751778157
v 0.076111421 1.69246197 -0.00566725619
v 0.0762896389 1.69510889 -0.00368915289
v 0.0758808851 1.69290102 -0.000820131507
v 0.0757108778 1.69024503 -0.00286312005
v 0.0754989386 1.68773186 -0.00481093908
v 0.0744981691 1.68313503 0.011118439
v 0.0745101422 1.67938995 0.00815315731
v 0.0743836761 1.67594492 0.00473508006
v 0.0771948174 1.70493186 -0.00646778289
v 0.0775407329 1.70697689 -0.0102270693
v 0.0774100795 1.70367789 -0.011973979
v 0.0771183074 1.701859 -0.00835578702
v 0.0776921287 1.70535088 -0.0160001684
v 0.0751360059 1.69105697 0.00711605698
v 0.0755667984 1.69331884 0.00416566478
v 0.0747213289 1.68882596 0.0102608595
v 0.0750537738 1.69410193 0.00958710629
v 0.0755514577 1.69619703 0.00651825778
v 0.0743448213 1.68665886 0.0137234395
v 0.0580102652 1.777035 -0.0205733702
v 0.0561894514 1.77848101 -0.0132954698
v 0.0519940779 1.78213394 -0.0142300399
v 0.0598758571 1.77476692 -0.0278790798
v 0.0406328365 1.78922892 -0.00732402643
v 0.0421158671 1.78903902 -0.016169399
v 0.0473267063 1.78567588 -0.0151997395
v 0.045761697 1.78607893 -0.00683827279
v 0.0434866361 1.7882179 -0.0249729194
v 0.076418817 1.700562 0.000402384787
v 0.0764016286 1.69778299 -0.00168630003
v 0.0759936869 1.69557798 0.00128564588
v 0.0760020018 1.69835997 0.00350295682
v 0.0767784938 1.69988692 -0.00491310796
v 0.0768186152 1.70277405 -0.0029229098
v 0.077438511 1.71380293 -0.00614091568
v 0.0771745965 1.71743894 -0.00376920612
v 0.0770007372 1.71134591 -0.00229936303
v 0.0767221004 1.71481001 0.000157398696
v 0.000663903134 1.78407693 -0.0754212961
v 0.0390461497 1.60703194 -0.0583499372
v 0.0386905298 1.61413407 -0.0603179671
v 0.0357954688 1.61254191 -0.0630517527
v 0.0362272412 1.60526299 -0.0614980794
v 0.0775556564 1.71033394 -0.00828821864
v 0.0771566257 1.7080729 -0.00447824365
v 0.032865677 1.61099589 -0.0655763075
v 0.0332976878 1.60363996 -0.0644668788
v 0.0443199575 1.61723399 -0.054241199
v 0.0443699099 1.610533 -0.0516563058
v 0.0471185669 1.61240005 -0.0481165573
v 0.0472568795 1.61897194 -0.0509263985
v 0.049805969 1.61439693 -0.0443478897
v 0.0501872487 1.62088895 -0.0473318286
v 0.0765556917 1.70894599 0.00145160407
v 0.0762649402 1.71231592 0.00397712784
v 0.0760925338 1.70664191 0.00503627164
v 0.0757779106 1.7099719 0.00760795409
v -0.0746054575 1.68046904 0.0154690593
v -0.0743842572 1.68421698 0.0181083083
v -0.0737020299 1.68248701 0.022024259
v -0.0740427673 1.67873001 0.0194529705
v -0.0733049363 1.686028 0.0241007805
v -0.0722768232 1.68464398 0.0287443195
v -0.0728980601 1.68085098 0.0261186585
v -0.0733551458 1.67722595 0.0236510392
v -0.0729347169 1.68957305 0.0257140305
v -0.0721583068 1.6887629 0.0288951397
v 0.0748419911 1.69722795 0.0121025294
v 0.0753723606 1.69923699 0.00900208484
v 0.076741986 1.70577896 -0.000824764371
v 0.076311931 1.703511 0.00263851997
v -0.0744842365 1.67128801 0.00774250599
v -0.074669607 1.67628992 0.0121216495
v -0.074248381 1.67454398 0.0163509585
v -0.0741757303 1.67007899 0.0134222694
v -0.0736962333 1.67322206 0.0209778193
v -0.0737718865 1.66897285 0.0183979198
v 0.0758596957 1.70132899 0.00588054396
v 0.0755961612 1.70447493 0.00838078093
v 0.0752405375 1.70777488 0.0109666297
v 0.0694281459 1.75848091 0.00378471403
v 0.0708062425 1.75672102 0.000222089497
v 0.0373273902 1.78847396 0.0105339596
v 0.0359176993 1.78726494 0.0194000807
v 0.0304679107 1.78959 0.0198366996
v 0.0318163708 1.7910099 0.0106390594
v 0.0248002093 1.79153192 0.0201552287
v 0.0259844884 1.7931869 0.0106725395
v 0.0219091196 1.79721403 -0.00886273012
v 0.0208566096 1.79641294 0.000960973499
v 0.0287542194 1.79492092 -0.00837882981
v 0.0273814797 1.79432905 0.00117030996
v 0.0198127292 1.79499602 0.0107330997
v 0.0333980285 1.79185891 0.00140778592
v 0.0389658995 1.78908491 0.00160458894
v 0.034978088 1.79221797 -0.00785030797
v 0.0441268682 1.786093 0.00170231995
v 0.0425291918 1.78561199 0.0102795102
v 0.0190047882 1.79311395 0.020423919
v 0.0410745293 1.78454185 0.0187772587
v 0.0308817085 1.6571629 -0.0898152143
v 0.0297829788 1.6492759 -0.0845074132
v 0.035902489 1.65031791 -0.0814489946
v 0.0371375196 1.658108 -0.0864880607
v 0.0286098681 1.64018703 -0.0789590478
v 0.0350238085 1.64261198 -0.0765582472
v 0.0400901325 1.64367795 -0.0736711845
v 0.0412522703 1.65132904 -0.0781921074
v 0.0426277667 1.65902889 -0.082844466
v 0.0630805269 1.65690398 -0.0560251363
v 0.0652430505 1.65776789 -0.051901266
v 0.0616530888 1.650769 -0.0530903898
v 0.0638632998 1.65196097 -0.0490857512
v 0.0656439885 1.65301299 -0.0451593772
v 0.0670135766 1.65852296 -0.0477993004
v 0.0583393276 1.63819897 -0.0463397503
v 0.0600093305 1.64455497 -0.0498229489
v 0.0572485588 1.64301598 -0.0537860394
v 0.0555508286 1.63646996 -0.0503147319
v 0.058985427 1.64945197 -0.0570735782
v 0.0558648184 1.64813089 -0.0609248206
v 0.0540559366 1.64145005 -0.0575845279
v 0.0523745194 1.6347059 -0.0541190915
v 0.0605435483 1.65592194 -0.0600607209
v 0.0575397275 1.65493393 -0.0640109479
v 0.0308691692 1.63259506 -0.073929362
v 0.0350124314 1.63498199 -0.0722027346
v 0.0319711082 1.62554598 -0.0703499839
v 0.0353649706 1.62741387 -0.0684479252
v 0.0388969705 1.6286819 -0.0659858063
v 0.0393370502 1.63613296 -0.0695958585
v 0.0522930473 1.64691496 -0.064535737
v 0.0505260155 1.639956 -0.0610545687
v 0.0484363586 1.64578795 -0.0678517818
v 0.0468479283 1.63856196 -0.064189218
v 0.0455274172 1.63140595 -0.0606423281
v 0.0489720479 1.63299608 -0.0575535297
v 0.0556159094 1.66118097 -0.0711034834
v 0.0539826192 1.65404689 -0.067883037
v 0.0516882986 1.66058493 -0.0752465874
v 0.0500402376 1.65319109 -0.0715634301
v 0.0458810255 1.65228391 -0.0749482661
v 0.0474193171 1.6598599 -0.0791293159
v 0.044463098 1.64472795 -0.0708290115
v 0.0432003289 1.63730597 -0.0669802204
v 0.0422261879 1.62998986 -0.0634181276
v 0.0510634072 1.62774992 -0.0506478585
v 0.0478799082 1.625916 -0.0541278198
v 0.0446953289 1.62423992 -0.0572841763
v 0.0592354387 1.6259129 -0.0212277602
v 0.0618113801 1.63335395 -0.0241141394
v 0.060322918 1.63097394 -0.027834259
v 0.0583644174 1.62460995 -0.0244972389
v 0.058970049 1.62898493 -0.0314092711
v 0.0572751872 1.62274504 -0.0280726179
v 0.0651406273 1.64410508 -0.0321306996
v 0.0667410269 1.64945996 -0.0352709182
v 0.0654570684 1.64833093 -0.0385355204
v 0.0637771338 1.64259899 -0.0352224372
v 0.0682474971 1.65479898 -0.0379285589
v 0.0670269206 1.6539079 -0.0414181873
v 0.0640494972 1.64725006 -0.0420497395
v 0.062348716 1.64128089 -0.0386140794
v 0.0706439167 1.66463304 -0.041698169
v 0.069525443 1.66424692 -0.0456376411
v 0.0683691278 1.65917695 -0.043822661
v 0.0695439503 1.65985394 -0.0401008315
v 0.0554728508 1.62512696 -0.0392554589
v 0.0568045266 1.63167095 -0.0427492186
v 0.0541115068 1.62971687 -0.0467806272
v 0.0530007221 1.62300003 -0.0433642901
v 0.0522858985 1.61654401 -0.0402550772
v 0.0543978959 1.61871588 -0.0360522605
v 0.0574079789 1.62708092 -0.0352419503
v 0.0560074896 1.62078094 -0.0319558904
v 0.0605704188 1.63980806 -0.0423786379
v 0.0589413978 1.63346493 -0.03877756
v 0.0606584661 1.63517702 -0.0349943601
v 0.0620981492 1.63689291 -0.0315311514
v 0.0635641068 1.63899994 -0.0285245292
v 0.062256258 1.64597893 -0.0458608009
v 0.0144633399 1.63908708 -0.0842279494
v 0.0214982498 1.64004385 -0.0823060796
v 0.0228395704 1.64820004 -0.0871742591
v 0.0153589994 1.64730394 -0.0892991126
v 0.023785688 1.65626395 -0.0925887972
v 0.0160903893 1.65554094 -0.0947490111
v 0.026943149 1.60850906 -0.0699364394
v 0.0271301996 1.60133803 -0.0696086362
v 0.0302865896 1.60234594 -0.0672003403
v 0.02994694 1.60959792 -0.0678786188
v 0.0237606186 1.60057592 -0.0715961605
v 0.0237523597 1.60788298 -0.0717132017
v 0.0200329889 1.5999589 -0.0732707456
v 0.0201893896 1.60744596 -0.0732835308
v 0.0241165999 1.61482489 -0.072250478
v 0.0208506398 1.61513901 -0.0737995356
v 0.0269310586 1.61491394 -0.0706858784
v 0.0270636287 1.61958802 -0.0716036409
v 0.0252448507 1.62142897 -0.0730404183
v 0.0222438406 1.62303603 -0.0748944953
v 0.0296963491 1.61636198 -0.0692145899
v 0.0290564392 1.62246704 -0.0712224469
v 0.0325316675 1.61831605 -0.0675547272
v 0.0246187896 1.63109696 -0.0766492784
v 0.0275506303 1.62771606 -0.0739111006
v 0.00803584512 1.65515387 -0.0962227434
v 0.00763448421 1.64683199 -0.0906634107
v -0.000217066408 1.65501404 -0.0968231112
v -0.000226600503 1.64668298 -0.0911383033
v -0.000220894697 1.63842094 -0.0857776552
v 0.00719152484 1.63858199 -0.0854005963
v 0.0112522598 1.60648489 -0.0758388862
v 0.00564499386 1.60626686 -0.0764288381
v 0.00551146688 1.59873497 -0.0764072165
v 0.0109905303 1.59894097 -0.0758368447
v -0.000357518176 1.60622692 -0.0765297189
v -0.000295412203 1.598701 -0.0765129626
v 0.0160613488 1.60692894 -0.0747250691
v 0.0158042498 1.59938204 -0.0747370869
v 0.0124758994 1.622751 -0.0777402744
v 0.0117490189 1.61450601 -0.076352641
v 0.0167266894 1.61491096 -0.0752310604
v 0.0178897399 1.62320292 -0.0765079483
v 0.00592784816 1.61428201 -0.0769684613
v -0.00031677261 1.6142199 -0.07708738
v 0.00630521448 1.62247896 -0.078447178
v -0.000247814605 1.62238598 -0.0786134526
v -0.000222406496 1.63038599 -0.0815551803
v 0.0067374697 1.63051891 -0.0812955275
v 0.0134464595 1.63092399 -0.0803703964
v 0.0196653288 1.63164091 -0.0788101926
v 0.0414967015 1.61565995 -0.0573763773
v 0.0417183898 1.60876596 -0.0550673902
v 0.057424657 1.74662507 -0.0790157393
v 0.0569572486 1.73867798 -0.0841411799
v 0.0563661791 1.73005998 -0.0882684141
v 0.0355685316 1.61992288 -0.0653866455
v 0.0386618786 1.62134695 -0.0628797263
v 0.0779983848 1.70687997 -0.0206508581
v 0.0416623093 1.62275207 -0.060190592
v 0.0275684092 1.74861991 -0.0981327072
v 0.0187118892 1.750036 -0.0997531042
v 0.0182530787 1.73942995 -0.1045992
v 0.0270793103 1.7382009 -0.102865294
v 0.009372795 1.75089002 -0.100437298
v 0.00905207172 1.74024594 -0.1053534
v -0.000243693692 1.75115097 -0.100530796
v -0.000402482285 1.74054301 -0.1054518
v 0.043933358 1.76882398 -0.0746176094
v 0.0430954583 1.77537203 -0.0677057207
v 0.0354545601 1.77850294 -0.0704608783
v 0.0509752892 1.76512802 -0.0710899383
v 0.0501294285 1.77165496 -0.0644016266
v 0.0441865586 1.76141405 -0.0810279623
v 0.0512506552 1.75790405 -0.0773804784
v 0.0272407103 1.78093588 -0.0724056065
v 0.0715400502 1.70627105 0.0285594687
v 0.0706935599 1.70971596 0.0316495299
v 0.0684702024 1.71618187 0.0385650806
v 0.069671914 1.71298993 0.034988001
v 0.065489091 1.72251487 0.0463701487
v 0.0670919865 1.71938503 0.0423739813
v 0.00420860574 1.748016 0.0873213336
v 0.0363785401 1.74288797 0.0787173882
v 0.0636105388 1.72549295 0.0505067296
v 0.061335329 1.72836804 0.0547662675
v 0.0448706299 1.78650796 -0.0337880813
v 0.0385283306 1.7897979 -0.0354757495
v 0.03743954 1.79140306 -0.0263262298
v 0.0751605034 1.70272589 -0.0504507683
v 0.0759912208 1.69904089 -0.0437347963
v 0.0585278869 1.73119199 0.0591329075
v 0.0363048799 1.7921499 -0.0171075203
v 0.0298616905 1.79491699 -0.0179665685
v -0.0750678256 1.69425094 -0.046491798
v -0.0762020275 1.69937193 -0.0433068611
v -0.0761354119 1.69530892 -0.0388354696
v -0.0752013251 1.69119596 -0.0417976901
v -0.0774236545 1.70482397 -0.0387321785
v -0.0769073814 1.69841599 -0.0351874977
v -0.0765110254 1.69373703 -0.0327583887
v -0.0759256035 1.69129097 -0.0356317498
v -0.0752335489 1.68816292 -0.0380633995
v -0.0729936287 1.68430603 -0.0505189709
v -0.0740369707 1.68920493 -0.0488912389
v -0.0743643194 1.68692195 -0.0441170856
v -0.073528178 1.68263698 -0.0457625464
v -0.0745883435 1.68465102 -0.0400997475
v -0.073941119 1.68096602 -0.0416209511
v -0.0683641285 1.66408598 -0.0494883806
v -0.0695088804 1.66956091 -0.0508655757
v -0.0706698075 1.6694169 -0.0465137474
v -0.069626607 1.66437995 -0.0453786999
v -0.070631519 1.67481792 -0.0515153222
v -0.0716397613 1.67417991 -0.0469615683
v -0.0724841505 1.67350793 -0.0427788012
v -0.0716563612 1.66928601 -0.0424592495
v -0.0707151219 1.66473091 -0.0415215753
v -0.072604388 1.67848694 -0.0467095524
v -0.0718220994 1.67962098 -0.0513947196
v -0.0732403919 1.67732489 -0.0425071381
v -0.000252179394 1.67211807 -0.106416099
v -0.000330329989 1.681898 -0.110252105
v -0.00920915417 1.68186402 -0.109794497
v -0.00899635442 1.67211699 -0.10602919
v -0.000445373793 1.69266486 -0.112783298
v -0.00939108245 1.69261503 -0.11223349
v -0.0182032399 1.69247293 -0.110561103
v -0.0178649593 1.68190598 -0.108268403
v -0.0174666494 1.67230296 -0.104661904
v -0.000520720263 1.70448589 -0.113331698
v -0.00952541362 1.70442796 -0.112800501
v -0.000511673919 1.71684003 -0.112117596
v -0.00961592793 1.71673286 -0.111651801
v -0.0187035296 1.71620405 -0.110211201
v -0.0184742194 1.70410597 -0.111188896
v -0.000464905374 1.72901392 -0.109401397
v -0.00976135395 1.728791 -0.108997799
v -0.00992204435 1.74021602 -0.105116591
v -0.0193582401 1.73929393 -0.104097791
v -0.0190230086 1.72803497 -0.107780397
v -0.0170525089 1.66358697 -0.100112796
v -0.00875726994 1.66333401 -0.101495996
v -0.0165557805 1.6553309 -0.0949007943
v -0.00847517047 1.65503597 -0.0963398591
v -0.000221650596 1.66331494 -0.101927094
v -0.0346127488 1.6922909 -0.1047787
v -0.0418093204 1.69216287 -0.100715302
v -0.0407244489 1.682863 -0.0985865071
v -0.0336864218 1.68253195 -0.102668397
v -0.0482327491 1.69201088 -0.0959925726
v -0.0470230579 1.68313396 -0.0939110741
v -0.0458249263 1.67481899 -0.0906983539
v -0.0396644287 1.67419899 -0.0952290818
v -0.0327930897 1.67349792 -0.0992481783
v -0.0360311866 1.7140919 -0.10442429
v -0.0437996387 1.71301401 -0.1004484
v -0.0428640693 1.70233703 -0.101244003
v -0.0353780203 1.70294094 -0.105293103
v -0.05071887 1.71189499 -0.0958415568
v -0.0495370701 1.70171404 -0.0965499058
v -0.0371212699 1.73608589 -0.0992033854
v -0.0450132303 1.73420691 -0.0956297293
v -0.0445070677 1.7238009 -0.0985997394
v -0.0366357379 1.72529006 -0.102386698
v -0.052057378 1.732131 -0.0913230777
v -0.0515222214 1.72219694 -0.0941276625
v -0.0386943594 1.66596091 -0.0909707546
v -0.03211895 1.66504502 -0.0947988331
v -0.0445361994 1.66683388 -0.0867276862
v -0.0431836993 1.65900099 -0.0822514445
v -0.0376914479 1.65798402 -0.0861182287
v -0.031418249 1.65695202 -0.0896854773
v -0.0280628391 1.72678804 -0.105525196
v -0.0275872983 1.71523607 -0.107758798
v -0.0284963604 1.73784697 -0.102099501
v -0.0271737278 1.70356286 -0.108665302
v -0.0266861003 1.69236994 -0.108085096
v -0.0260432102 1.68216789 -0.105904102
v -0.0253989398 1.67281199 -0.102403603
v -0.0248782896 1.66420388 -0.0978674293
v -0.024290558 1.65602005 -0.0926494747
v -0.0690876096 1.70506692 -0.071982421
v -0.070338212 1.712919 -0.0702174604
v -0.0727403983 1.70990288 -0.063628532
v -0.0714712664 1.70272505 -0.06559062
v -0.071197398 1.72063792 -0.067881465
v -0.0736977533 1.71706891 -0.0612765588
v -0.0754276887 1.71328092 -0.054345496
v -0.0744128302 1.7066319 -0.0568534695
v -0.0731690228 1.70012999 -0.0591596067
v -0.0732084289 1.69155693 -0.0546651594
v -0.0743762702 1.69726694 -0.0525370762
v -0.0719923452 1.68601894 -0.0560268313
v -0.070481725 1.68760598 -0.0618835688
v -0.0718732104 1.69378996 -0.0608936474
v -0.065767698 1.68994391 -0.0734727681
v -0.0675084516 1.69739199 -0.0731664076
v -0.0700095668 1.695719 -0.0670352951
v -0.0684112757 1.68889093 -0.0676882043
v -0.0679569021 1.66955304 -0.0553714074
v -0.0692392662 1.67525995 -0.0563465506
v -0.0666986778 1.66370893 -0.0537047572
v -0.064664267 1.66323197 -0.0579068251
v -0.0660199746 1.6694169 -0.0598857664
v -0.0674184337 1.6755439 -0.0612628981
v -0.0706208721 1.68066692 -0.0565742999
v -0.0689419433 1.6815629 -0.0619675294
v -0.062394198 1.67578089 -0.0709216967
v -0.0640218034 1.68277097 -0.0726218298
v -0.0667301565 1.68225205 -0.067288816
v -0.0651227385 1.67571497 -0.0660681799
v -0.0637015104 1.66918302 -0.0642650574
v -0.0623072386 1.66263497 -0.0619787388
v -0.0594969802 1.66199899 -0.0660472065
v -0.0609470308 1.66888392 -0.0686813369
v -0.0766325817 1.70929694 -0.0468892269
v -0.0755987838 1.70313287 -0.0496974513
v -0.0301402397 1.79417694 -0.0274819899
v -0.0225773398 1.79644299 -0.0283729788
v -0.0217399187 1.79719996 -0.0184364282
v -0.0290771686 1.79496706 -0.017690789
v -0.0146806594 1.79822099 -0.0290078893
v -0.0140629094 1.79894888 -0.0189874601
v -0.0135103203 1.79896998 -0.00890525524
v -0.0208650492 1.79726493 -0.00848826487
v -0.0279214587 1.79505897 -0.00794674549
v -0.061344251 1.77329195 -0.0189132504
v -0.0594344884 1.77503395 -0.0120203095
v -0.0630665347 1.77082503 -0.0108770197
v -0.0649324134 1.76880491 -0.0171578992
v -0.057724826 1.77603805 -0.00491352286
v -0.0613381453 1.77216196 -0.00435583573
v -0.064522177 1.76826704 -0.00367206009
v -0.0662501305 1.76652992 -0.00955786835
v -0.0680304915 1.76417601 -0.01516621
v -0.0530604385 1.78120995 -0.0219587702
v -0.0513372496 1.782547 -0.0139537202
v -0.0555592179 1.77890694 -0.0130160796
v -0.0574007705 1.77737784 -0.0204761196
v -0.04976172 1.78318894 -0.00589775899
v -0.0539137572 1.77971101 -0.00542273279
v -0.0569559783 1.77616394 -0.0378726907
v -0.0549482368 1.77905703 -0.0300880279
v -0.0593858361 1.77497399 -0.0279662795
v -0.061452508 1.771855 -0.0350884274
v -0.0633497611 1.77065504 -0.0257196594
v -0.0653592348 1.76735306 -0.0321547203
v -0.0460588858 1.78396189 -0.0429094955
v -0.0394185893 1.78733993 -0.0450319275
v -0.0382015109 1.789783 -0.0358216316
v -0.0445108674 1.78656399 -0.0340939984
v -0.0320523977 1.79035795 -0.0467156507
v -0.0311380494 1.79262602 -0.0372319594
v -0.0369124487 1.79149795 -0.0263108294
v -0.0429438576 1.788414 -0.0249463692
v -0.0356207602 1.79232407 -0.0168212298
v -0.0342669301 1.79245496 -0.00738747418
v -0.0399762988 1.78955591 -0.00684193056
v -0.0414577015 1.78932905 -0.0158826895
v -0.0451224186 1.78647292 -0.00635978673
v -0.0466617271 1.78604794 -0.014917789
v -0.0482739471 1.78494501 -0.0234750379
v -0.0500365496 1.78296006 -0.0321536697
v -0.051864326 1.78022003 -0.0404978618
v -0.0158483591 1.79511094 -0.0484958589
v -0.0152878398 1.79701793 -0.0388707295
v -0.0233677495 1.79507506 -0.0382184796
v -0.0240884889 1.79300594 -0.0478170998
v -0.00767720491 1.79650497 -0.0489458591
v -0.00734743569 1.798311 -0.0392952114
v -0.00695048925 1.79940391 -0.0293902792
v -0.00657170778 1.80008292 -0.0192649197
v -0.00631111627 1.80003095 -0.00907679647
v -0.0778122693 1.7046119 -0.0317377485
v -0.0772745758 1.69966507 -0.0307996497
v -0.0778524503 1.70391691 -0.0262810495
v -0.0773825943 1.69971406 -0.0262067504
v -0.0769679546 1.69581795 -0.0258381385
v -0.0768326372 1.69520402 -0.0293971095
v -0.0690543652 1.75399899 0.0153039293
v -0.0707136467 1.75053596 0.0132909901
v -0.0707812831 1.75293791 0.00915680174
v -0.0692989081 1.75574398 0.0109781204
v -0.0721246824 1.74712396 0.0111059099
v -0.0720989034 1.75012696 0.00698769931
v -0.0716186687 1.75334001 0.00344270398
v -0.0703598112 1.75549388 0.00602343353
v -0.0693168566 1.75687301 0.00830287393
v -0.0744147003 1.74007499 0.00607054261
v -0.0744991452 1.74329805 0.00185408606
v -0.0733547583 1.74689186 0.00454666466
v -0.0733423904 1.74368691 0.00869626086
v -0.0742431208 1.74680603 -0.00228851195
v -0.0729651973 1.75033903 0.000667316897
v -0.07538528 1.73614299 0.00323921884
v -0.0754869208 1.739416 -0.00106940896
v -0.0762115046 1.73209393 0.000345716398
v -0.0763116553 1.73543 -0.00404484197
v -0.0761455968 1.7392 -0.00855015218
v -0.0752818808 1.74306107 -0.00541293062
v -0.0555551797 1.67556298 -0.0810745433
v -0.0570871197 1.68331802 -0.0835275725
v -0.0608744286 1.68313706 -0.0780747086
v -0.0592634492 1.675735 -0.0759905875
v -0.0586159676 1.69146693 -0.085051313
v -0.0625483319 1.69081998 -0.0792881772
v -0.0522116981 1.66073692 -0.0744082779
v -0.0539224371 1.66811395 -0.0779556856
v -0.0576999374 1.66854596 -0.0733119547
v -0.0560930111 1.66139603 -0.0702437684
v -0.0524718799 1.68330503 -0.0888472274
v -0.0510972403 1.67526698 -0.0859787166
v -0.0538356118 1.69182599 -0.09069141
v -0.0495741405 1.66754591 -0.082407698
v -0.0479644276 1.65992796 -0.0783799142
v -0.0687954351 1.76238799 -0.00802479871
v -0.0705200359 1.75965691 -0.0129135503
v -0.0670579299 1.76452196 -0.0027886997
v -0.0690420493 1.76080298 -0.00144221599
v -0.0707347468 1.75831294 -0.00592511706
v -0.07236965 1.75522697 -0.0100906594
v -0.0721080974 1.75421989 -0.00292393379
v -0.0705832168 1.75698698 0.000633325719
v -0.0735677481 1.75085795 -0.00640831096
v -0.0756573081 1.74368191 -0.0131933494
v -0.0747089013 1.74735105 -0.00982119329
v -0.0747779459 1.74849391 -0.0177238286
v -0.0736755952 1.75198305 -0.0139667699
v -0.063410081 1.72698998 -0.0805348456
v -0.0677540898 1.72395492 -0.0743652657
v -0.0669627637 1.71566606 -0.0768102556
v -0.0626892 1.71812797 -0.0831347331
v -0.0657996386 1.70717299 -0.0784888566
v -0.0616379306 1.70900691 -0.0847890452
v -0.058181297 1.72972393 -0.086239107
v -0.0575629175 1.72030997 -0.0889324173
v -0.0566336364 1.71057093 -0.090598315
v -0.0602068603 1.70007288 -0.0854557008
v -0.0642578229 1.69886196 -0.0793686733
v -0.0553075485 1.70099592 -0.0912295058
v -0.0668397695 1.7660569 -0.0232958104
v -0.068687208 1.76271999 -0.0290684886
v -0.0697622299 1.76133406 -0.020592561
v -0.0713845119 1.75800598 -0.0256929584
v -0.0720370188 1.75664389 -0.0175201502
v -0.0733841062 1.75326896 -0.0219014585
v -0.0489676595 1.7766 -0.058346618
v -0.041760277 1.78020489 -0.0614709891
v -0.0405732021 1.78429198 -0.0535892993
v -0.047544241 1.78076506 -0.0509646386
v -0.0339183398 1.78332305 -0.0639707893
v -0.0329421498 1.78739297 -0.0556617789
v -0.0169247594 1.78788698 -0.0665434077
v -0.0163875595 1.79213095 -0.0577732772
v -0.0248066708 1.79003096 -0.0569810383
v -0.0255694296 1.785887 -0.0655802116
v -0.0769798979 1.73150992 -0.00689623412
v -0.0769022405 1.73532295 -0.0115461694
v -0.0768377483 1.72815192 -0.00249128882
v -0.0773209259 1.72424996 -0.00520403357
v -0.0775118396 1.72755992 -0.00963711645
v -0.0775298327 1.73131192 -0.0144433295
v -0.0765292794 1.73983395 -0.0165484902
v -0.0757992715 1.74466991 -0.0215319302
v -0.0772809833 1.73569393 -0.0197935402
v -0.0766928047 1.74039304 -0.0251918398
v -0.053702876 1.7768569 -0.04800817
v -0.0554143004 1.77256095 -0.0548840351
v -0.0590390079 1.77263391 -0.0448198691
v -0.0609452799 1.76822495 -0.0511847287
v -0.0635428801 1.76819587 -0.0414589196
v -0.0654192492 1.76374888 -0.0473167785
v -0.0672955886 1.76359999 -0.0379331373
v -0.0690215677 1.75915098 -0.0432809293
v -0.0703946799 1.75891793 -0.0342561603
v -0.0718838573 1.75447094 -0.039088089
v -0.0728331283 1.75418901 -0.0303401798
v -0.0740769804 1.74975991 -0.0347021371
v -0.0746019557 1.74944305 -0.0261179395
v -0.0756561905 1.74507284 -0.0301208291
v -0.00795072038 1.79356086 -0.0583021492
v -0.00817790627 1.78929305 -0.0671594664
v -0.077753 1.70297492 -0.0213662405
v -0.0773533583 1.69922805 -0.0219554994
v -0.077607058 1.70177698 -0.0170086194
v -0.0772757158 1.69833493 -0.0180974603
v -0.0769710988 1.69510603 -0.0190808699
v -0.0769912302 1.69571495 -0.0223719813
v -0.0524154492 1.74951601 -0.0824950784
v -0.0523854382 1.74117601 -0.0873291194
v -0.0452550501 1.74375594 -0.0914750919
v -0.0451937206 1.75255001 -0.0865099579
v -0.0373133495 1.74607992 -0.0948882625
v -0.0371632911 1.75527406 -0.0898264423
v -0.0763073415 1.72669899 -0.0495151505
v -0.0760521665 1.72005093 -0.052013848
v -0.0742609352 1.72404695 -0.058664497
v -0.074471809 1.73077798 -0.0556727499
v -0.0716966018 1.72791588 -0.0649852678
v -0.0718792826 1.73482096 -0.0615501851
v -0.0781459063 1.71872795 -0.0362900198
v -0.0779225901 1.71236205 -0.0377776511
v -0.077244848 1.71591091 -0.0448529087
v -0.0774938539 1.722525 -0.0429106876
v -0.0783756226 1.71335089 -0.0242417995
v -0.0781825557 1.70855391 -0.0255968086
v -0.078186132 1.71012998 -0.0313818194
v -0.0783877075 1.71578395 -0.0300569199
v -0.0682482272 1.73167002 -0.0711659491
v -0.0684494972 1.73887694 -0.0673393011
v -0.0638982356 1.73517895 -0.0770485997
v -0.0641008765 1.74275887 -0.0728489608
v -0.0586044118 1.73833406 -0.0824700221
v -0.0587360263 1.74627495 -0.0779139996
v -0.0780373812 1.70898402 -0.0141217504
v -0.0778688714 1.70534098 -0.0157009307
v -0.0780497864 1.7069819 -0.0203602277
v -0.0782343671 1.71111298 -0.0189154185
v -0.0286740698 1.74811196 -0.0975919738
v -0.0284858793 1.75754797 -0.0923604816
v -0.0195030998 1.74971294 -0.0994075164
v -0.0193049293 1.75927699 -0.0940150023
v -0.00994793978 1.75074601 -0.100278698
v -0.00971431658 1.76035905 -0.0947979614
v -0.0360230207 1.77114391 -0.0784157813
v -0.0349938199 1.77781594 -0.0715754777
v -0.0429948978 1.77468503 -0.0687072948
v -0.0441037789 1.76805198 -0.075282678
v -0.0503114387 1.77105188 -0.0651911274
v -0.0514307767 1.76447797 -0.0715015978
v -0.0521101505 1.75730097 -0.0772333145
v -0.0448225029 1.76067197 -0.0811539441
v -0.0367372781 1.76363003 -0.0844140574
v -0.0181749798 1.7754339 -0.0819318146
v -0.0175074395 1.7822479 -0.0746378154
v -0.0264252294 1.7803309 -0.0734830573
v -0.0273033809 1.77360594 -0.0805887952
v -0.0713069886 1.74772394 -0.0532269813
v -0.0703806877 1.75373697 -0.0484193079
v -0.0730920509 1.749174 -0.0437877066
v -0.0739401057 1.74332595 -0.0481969006
v -0.0751029029 1.74459398 -0.038968537
v -0.0758452937 1.73891997 -0.0429510996
v -0.0762364566 1.73297691 -0.0464781187
v -0.0743738562 1.73720789 -0.052168861
v -0.0717759058 1.74142301 -0.0576114506
v -0.0765245482 1.74003494 -0.0338866897
v -0.0771472901 1.73451591 -0.0373277403
v -0.0774177089 1.73553598 -0.0285118185
v -0.0779181197 1.73024988 -0.0314939581
v -0.0781499296 1.72466791 -0.0341361575
v -0.0774631798 1.72870302 -0.0403672196
v -0.077869989 1.73113489 -0.0228297208
v -0.0782612562 1.72625303 -0.0256072488
v -0.0780127347 1.72704697 -0.0172730591
v -0.0783255249 1.722597 -0.0199285485
v -0.0784359649 1.71802902 -0.0223021694
v -0.0784230158 1.72114694 -0.0280726906
v -0.0634619668 1.75636697 -0.0629490241
v -0.0624306798 1.76266289 -0.0572601892
v -0.066877149 1.75824201 -0.0529327914
v -0.0678641424 1.75208402 -0.0581918806
v -0.0683520585 1.74565697 -0.0630008206
v -0.063985981 1.74978101 -0.0681512654
v -0.0568479747 1.766994 -0.0613590702
v -0.0579397082 1.76054299 -0.0673835948
v -0.0585377477 1.7536639 -0.0728934333
v -0.077932097 1.72348797 -0.0122743202
v -0.0782070905 1.71935892 -0.0147461696
v -0.0777180865 1.72032499 -0.00772512006
v -0.0779881775 1.71644294 -0.0100596901
v -0.0780852959 1.71267295 -0.0122149205
v -0.0782986358 1.71523607 -0.0170014296
v -0.028008949 1.76602197 -0.086786747
v -0.0188201293 1.76779997 -0.0882974863
v -0.00929337647 1.76890695 -0.0890200138
v -0.00883254316 1.77659094 -0.0826464668
v -0.00844771508 1.78353894 -0.0753225535
v -0.0363579281 1.60544395 -0.0610495694
v -0.0334865488 1.60381293 -0.063949056
v -0.0331168398 1.61113691 -0.0649290755
v -0.0359637402 1.61268902 -0.0624471083
v -0.0391081311 1.60721803 -0.0579786375
v -0.0387585573 1.61428201 -0.0597662106
v -0.0441770703 1.61737502 -0.053825967
v -0.0470273681 1.61909807 -0.0506025106
v -0.0469649211 1.61256897 -0.0480122417
v -0.0442783684 1.61071503 -0.0514555573
v -0.04991588 1.62098801 -0.0471220091
v -0.0496314093 1.61453903 -0.0443542488
v -0.0417041294 1.60895097 -0.0547793582
v -0.0414591208 1.61580706 -0.0568867996
v -0.0323052406 1.62553489 -0.0694990084
v -0.035613589 1.62739098 -0.0675697997
v -0.0357527696 1.62000299 -0.0646099895
v -0.03281058 1.618397 -0.0667717084
v -0.03903047 1.62866294 -0.0650898218
v -0.0387298875 1.62142396 -0.0621235967
v -0.0416073501 1.62282896 -0.0594675466
v -0.0445197001 1.624313 -0.0566144995
v -0.0422415659 1.62997496 -0.0625251383
v -0.0454296395 1.63139093 -0.0597814769
v -0.0126701994 1.79645991 0.01115344
v -0.0130401505 1.79806304 0.00116165401
v -0.00618395396 1.79895592 0.00104346499
v -0.00613013795 1.79720199 0.0110702598
v -0.0563215762 1.77645087 0.00247863401
v -0.0598479509 1.77285898 0.00249258103
v -0.0550521985 1.77628088 0.00996557064
v -0.0585267469 1.77290893 0.00946911238
v -0.0615892597 1.76951396 0.00899862126
v -0.0629544035 1.76925993 0.00258153398
v -0.0483142398 1.78329194 0.00237953686
v -0.0525173992 1.77994001 0.00243447395
v -0.0469091423 1.78283596 0.0107389791
v -0.0512040071 1.77960396 0.0103802504
v -0.0648047179 1.761186 0.018952759
v -0.0670735091 1.75760794 0.0172063503
v -0.0675418973 1.75897706 0.01238281
v -0.0654976144 1.7623899 0.0135004902
v -0.0681942478 1.75938392 0.00812957529
v -0.0663784519 1.76274788 0.00840028841
v -0.00605783844 1.79514802 0.0210467279
v -0.0123595698 1.79442704 0.0210342184
v -0.00584045565 1.79277599 0.0309774801
v -0.0119566498 1.79204297 0.0308620986
v -0.0631562471 1.76573896 0.0144618107
v -0.0622850582 1.76456594 0.0205198899
v -0.0641919971 1.76612592 0.00866602454
v -0.0604484677 1.76903296 0.0153764291
v -0.0594190285 1.76783001 0.0219938587
v -0.0524105281 1.77423489 0.0248931404
v -0.0561096594 1.77106392 0.0234680194
v -0.0573074482 1.77229285 0.0163615197
v -0.0537539199 1.77551603 0.0173335392
v -0.0454474092 1.78179395 0.019014379
v -0.04980978 1.77869284 0.0182118993
v -0.0439849608 1.78028393 0.0274196099
v -0.0483768582 1.77730894 0.0262146797
v -0.0655064657 1.76574492 0.00284466194
v -0.067574732 1.76225293 0.00337815983
v -0.0692425072 1.75871599 0.00426698057
v -0.0368576087 1.7887789 0.0113080097
v -0.0313061103 1.79128098 0.0113619696
v -0.029961668 1.78982401 0.0206811186
v -0.0354485102 1.78751397 0.0203287415
v -0.0254032295 1.79342294 0.0113065001
v -0.0242536403 1.79173791 0.020875968
v -0.0231687799 1.78963804 0.0304355491
v -0.028699901 1.78789985 0.0300074909
v -0.0340972878 1.78574705 0.0293750893
v -0.019968329 1.79655194 0.00140583492
v -0.0191455595 1.79517388 0.0112354392
v -0.02665025 1.79453993 0.00170410005
v -0.0384063907 1.78941488 0.00222767401
v -0.0327778272 1.79213297 0.001998269
v -0.0435914807 1.78646302 0.00233125687
v -0.0420908295 1.78593194 0.01107419
v -0.0184066501 1.79328001 0.0209847987
v -0.017662039 1.79100597 0.0307012703
v -0.0406360105 1.78478599 0.0197476987
v -0.0392083302 1.78315496 0.0284966994
v -0.0364481807 1.65013897 -0.0809200332
v -0.0303378012 1.64903998 -0.0841730088
v -0.0417764783 1.65120697 -0.0775058791
v -0.0405229181 1.64351594 -0.0728425309
v -0.0355169587 1.64241803 -0.0758575797
v -0.0291408598 1.63997793 -0.0784059763
v -0.065375343 1.65788293 -0.051405739
v -0.0632625073 1.65703392 -0.0553939193
v -0.0671079084 1.6586169 -0.0474315882
v -0.0656755492 1.65303099 -0.0448265485
v -0.0638946295 1.65199089 -0.048617769
v -0.0617058277 1.65080392 -0.0524808317
v -0.0581065416 1.638165 -0.0459351204
v -0.0552838519 1.63644099 -0.0497634783
v -0.057149455 1.64298391 -0.053098157
v -0.0599108115 1.64452994 -0.0492847674
v -0.0521196984 1.63468397 -0.0534379296
v -0.053992372 1.64140892 -0.0567734689
v -0.0560133681 1.64813995 -0.0600634627
v -0.0590776093 1.64948189 -0.0563251376
v -0.0607855879 1.65605295 -0.0593048893
v -0.0578555465 1.65504694 -0.0631595179
v -0.0353873298 1.6348449 -0.0713617504
v -0.03129806 1.63247097 -0.073149249
v -0.0396154411 1.63601494 -0.0686844736
v -0.0505317487 1.63989806 -0.0601623803
v -0.0525119193 1.64689195 -0.0636060983
v -0.0487764888 1.63297999 -0.0567617416
v -0.0469363295 1.63848495 -0.0632460639
v -0.0487339199 1.64571786 -0.0669167191
v -0.0543738604 1.65411997 -0.0669797957
v -0.0504926294 1.65320003 -0.0706733912
v -0.0463744402 1.65222597 -0.074133411
v -0.0448318906 1.64460599 -0.0699262694
v -0.0433809161 1.63721204 -0.0660329461
v -0.0476028584 1.62597597 -0.0535406098
v -0.0507337712 1.62778902 -0.0501761995
v -0.0587076172 1.62461996 -0.024926791
v -0.0574721359 1.62277293 -0.0284497403
v -0.0590673201 1.62897086 -0.0316571072
v -0.0605764464 1.63094187 -0.0281534493
v -0.0597155355 1.62591088 -0.0216978583
v -0.0622304566 1.63330591 -0.0244902205
v -0.0652764067 1.64403498 -0.0322012194
v -0.0638144091 1.64253402 -0.0352076888
v -0.065482378 1.64828789 -0.0383934379
v -0.0668263808 1.64941692 -0.0352199785
v -0.0622862168 1.64122498 -0.0384924896
v -0.064018093 1.64721489 -0.041795712
v -0.0670728758 1.653916 -0.04120069
v -0.068317458 1.65479708 -0.0378043689
v -0.0696095377 1.65990198 -0.0399365984
v -0.0684430599 1.65924692 -0.0435671881
v -0.0552950092 1.62516296 -0.0392969102
v -0.0527429581 1.62306702 -0.0432876758
v -0.0537843779 1.62973201 -0.0464476384
v -0.056543868 1.63166392 -0.0425553508
v -0.0521384291 1.61665404 -0.0403803587
v -0.0543324091 1.61879694 -0.0362742692
v -0.0560631789 1.62083399 -0.0322644897
v -0.0573562905 1.62708998 -0.035396181
v -0.0606448203 1.635131 -0.0350537784
v -0.0587921701 1.63343704 -0.0387185477
v -0.0604123101 1.63976192 -0.0421241075
v -0.0622219518 1.63683295 -0.0316838883
v -0.063808389 1.63892889 -0.0287387893
v -0.0621803515 1.64594996 -0.0454722196
v -0.0149864806 1.63893294 -0.0840151832
v -0.0158435795 1.64713192 -0.0892157406
v -0.0233743992 1.64796591 -0.0870051757
v -0.02204399 1.639835 -0.0819479004
v -0.0273314901 1.60863602 -0.0692659393
v -0.0302688275 1.60973489 -0.0672139078
v -0.0305316485 1.60250497 -0.0666380301
v -0.0274349991 1.60148096 -0.0690273792
v -0.0204799511 1.60007799 -0.0727310851
v -0.0207225289 1.60755706 -0.0726626664
v -0.02421261 1.60800087 -0.071054101
v -0.024133699 1.60070801 -0.0710212067
v -0.0213659182 1.61520493 -0.0731380954
v -0.0245800894 1.61490095 -0.071540758
v -0.0227115788 1.62302399 -0.0742227584
v -0.0256852005 1.62144387 -0.0722955167
v -0.0274739191 1.61962795 -0.0708362535
v -0.0273420997 1.61499894 -0.0699517503
v -0.0294375606 1.62248087 -0.0704142377
v -0.0300457682 1.61644602 -0.0684579089
v -0.0279860795 1.62765193 -0.0731416419
v -0.0251054503 1.63098991 -0.0759986565
v -0.00808744039 1.64674294 -0.0906293243
v -0.00765640615 1.63850093 -0.0852984786
v -0.0119268699 1.60656297 -0.0754249245
v -0.0115419496 1.59901702 -0.0754903778
v -0.00609083101 1.59877694 -0.0762227774
v -0.006346473 1.60630989 -0.0761984885
v -0.0163180195 1.59948397 -0.0742736161
v -0.0166708808 1.60702801 -0.0741815045
v -0.0129813096 1.62274003 -0.0773293823
v -0.0183809809 1.62318695 -0.0759473816
v -0.0172958188 1.61496794 -0.0746573284
v -0.0123630995 1.61455095 -0.0759166107
v -0.00656114845 1.61430597 -0.076728344
v -0.00681279181 1.62247193 -0.078225188
v -0.00719937589 1.63047385 -0.0811259523
v -0.01393646 1.63083494 -0.0800361335
v -0.0201694015 1.63152599 -0.0783134699
v 0.0750547573 1.69094408 -0.0420165285
v 0.0760213435 1.69506598 -0.0390847214
v 0.0751400292 1.68798494 -0.0382084884
v 0.0758459717 1.6911279 -0.035797637
v 0.0733611658 1.68237901 -0.0459439419
v 0.0742006078 1.68666303 -0.0443117991
v 0.0738386437 1.68076789 -0.0417464487
v 0.0744892657 1.68445909 -0.0402308702
v 0.0705329627 1.66922891 -0.0467530489
v 0.0715658963 1.66914499 -0.0426277928
v 0.0723760799 1.67332983 -0.0429266877
v 0.0714777485 1.67394888 -0.0471709892
v 0.0724381581 1.67823589 -0.0468972288
v -0.0747241601 1.70876288 0.0172458999
v -0.0753520206 1.71095598 0.0140730795
v -0.0746097863 1.71448493 0.0168672204
v -0.0739560649 1.71223497 0.0200763699
v -0.0759095922 1.71324289 0.0106860399
v -0.0752101243 1.71684206 0.0134495599
v -0.0743633658 1.72050798 0.0163429398
v -0.0737293065 1.71805692 0.0198194087
v -0.0730561987 1.71574092 0.0230988599
v 0.073133938 1.67712998 -0.0426396392
v 0.00848126784 1.67215395 -0.105779
v 0.00852503721 1.68184996 -0.109477699
v 0.0171365403 1.681903 -0.107787199
v 0.0172093492 1.69236994 -0.110091105
v 0.00847246498 1.69253004 -0.111924104
v 0.00844588596 1.70429087 -0.112613693
v 0.01727736 1.70394695 -0.110920496
v 0.0174647495 1.71609402 -0.110262603
v 0.0085449582 1.71661496 -0.111631803
v 0.00877036341 1.72875392 -0.109135702
v 0.0178154092 1.72805595 -0.108111091
v 0.00831379741 1.66341197 -0.101322599
v 0.0334918387 1.6923039 -0.104694203
v 0.0328541696 1.68255591 -0.102497697
v 0.0398866199 1.68284297 -0.0987966806
v 0.0406949259 1.69219291 -0.101067692
v 0.0390215702 1.67419899 -0.0954125971
v 0.0451875292 1.67470694 -0.0911934078
v 0.0462092012 1.68302298 -0.0944932997
v 0.0344024114 1.71432793 -0.105040498
v 0.033971332 1.70303094 -0.105497904
v 0.0414453782 1.70249093 -0.101915903
v 0.0420941673 1.71334589 -0.101520896
v 0.0348872878 1.72570205 -0.103362903
v 0.0426229388 1.72430801 -0.0999781191
v 0.0496268608 1.72264493 -0.095897682
v 0.0381402969 1.66601193 -0.0912108421
v 0.0439674519 1.66676497 -0.0872388035
v 0.0261315797 1.715276 -0.108005695
v 0.0265630279 1.72699094 -0.106148794
v 0.0256077591 1.69233084 -0.107691802
v 0.025846988 1.70351303 -0.108519897
v 0.0252581406 1.68219101 -0.105471201
v -0.0723385289 1.72792101 0.0225426406
v -0.0716481283 1.72522986 0.0262143295
v -0.0727525726 1.72166002 0.0229295883
v -0.0734089389 1.72422385 0.0193858687
v -0.0709133893 1.72269392 0.029701978
v -0.0720596686 1.71924293 0.0262899492
v -0.00375352707 1.77099895 0.0731255487
v -0.0038644739 1.77689695 0.0666098297
v -0.00375828077 1.76490486 0.0783632994
v -0.00843137689 1.76465297 0.0779704675
v -0.00868075248 1.7706629 0.0727567896
v -0.00905324239 1.77645707 0.0663067549
v -0.0703783706 1.72870302 0.0296849608
v -0.0695609078 1.72604501 0.0333837867
v -0.0711409971 1.73152399 0.0257724002
v -0.0697838888 1.73508096 0.0290662181
v -0.0689291283 1.73213899 0.0332578681
v -0.0680136904 1.72935808 0.03719116
v -0.0662966594 1.74233985 0.035909608
v -0.0652642548 1.73919094 0.0405762456
v -0.067273967 1.73561096 0.0368474685
v -0.0682222694 1.738657 0.0324120186
v -0.0641954616 1.736148 0.0448652692
v -0.0662712827 1.73270988 0.040977411
v -0.0638396516 1.74620605 0.0396839082
v -0.0627386197 1.74292803 0.0445680283
v -0.0610365197 1.75002503 0.043348439
v -0.0598678663 1.74661696 0.0484590083
v -0.0587053113 1.74319589 0.0529769808
v -0.0616311207 1.73970699 0.0489655584
v -0.0580852479 1.75356793 0.0465230867
v -0.0568343997 1.75004303 0.0518867895
v -0.0548553169 1.75691998 0.0494684987
v -0.0535073504 1.75326002 0.0550725982
v -0.0521016791 1.74943292 0.0599669218
v -0.0555566289 1.7464329 0.0565935075
v -0.0512096025 1.76016402 0.0524388887
v -0.049761463 1.75630295 0.0582307279
v -0.0472225174 1.76320601 0.0552533716
v -0.0456942506 1.75910795 0.0611854382
v -0.0441256799 1.75474298 0.0662521869
v -0.048255939 1.75221395 0.06324137
v -0.04295481 1.76593089 0.0577319264
v -0.0413900279 1.76160192 0.0637574494
v -0.0384747386 1.7683239 0.0598680563
v -0.0369483382 1.76374102 0.0659576803
v -0.0354397297 1.75885999 0.0710290894
v -0.039820049 1.75697899 0.06883993
v -0.0338473096 1.77037287 0.0616704971
v -0.0324732699 1.76548493 0.0678073317
v -0.0290710889 1.77213585 0.0631488338
v -0.0278796405 1.76695001 0.0693262741
v -0.0266585201 1.76152098 0.074374415
v -0.0310870185 1.76032591 0.0728621259
v -0.0134732602 1.77011597 0.0722258985
v -0.0141258705 1.77582002 0.0658587515
v -0.0129265198 1.76419091 0.0773809999
v -0.017411571 1.76350904 0.0765948072
v -0.0182386506 1.7693249 0.0715004504
v -0.0191360489 1.77491498 0.065216057
v -0.0241450593 1.77366698 0.0643210188
v -0.0230892804 1.76824999 0.070545651
v -0.0220452584 1.76259995 0.0756060928
v -0.0740641505 1.706586 0.0202853195
v -0.0732862875 1.71003592 0.0231360495
v -0.0723736435 1.71352196 0.0262091886
v -0.0701278448 1.72030592 0.0329718292
v -0.0713351965 1.71694791 0.0294664502
v -0.00372026698 1.75903106 0.0821861848
v -0.0081137754 1.75880396 0.0818327516
v -0.0687032789 1.723593 0.0367856771
v -0.067084305 1.72682488 0.0407416187
v -0.0652839914 1.73003089 0.0446723066
v -0.0631456077 1.73327494 0.0486846752
v -0.06050127 1.73661184 0.0528902896
v -0.0574778691 1.73985696 0.0569984801
v -0.054219678 1.742818 0.0607099459
v -0.0506878793 1.74551499 0.0641510114
v -0.0468438081 1.74796593 0.0674419105
v -0.0427503288 1.750175 0.0704321787
v -0.038470421 1.75215197 0.0729699507
v -0.0341210701 1.75380599 0.075104937
v -0.0298128296 1.75506496 0.0768937469
v -0.0254740398 1.75608397 0.0783657879
v -0.0123588396 1.758412 0.0812683553
v -0.0166142583 1.75783205 0.0805051774
v -0.0210309792 1.75702798 0.0795540139
v -0.0510039181 1.77252305 0.0329803601
v -0.0548484512 1.76926696 0.0311066192
v -0.0496556498 1.77015901 0.0410292707
v -0.0535971113 1.76684296 0.0387543701
v -0.0572612695 1.76338899 0.0363354795
v -0.0583644472 1.76591504 0.029129399
v -0.0730056763 1.74054003 0.0131014502
v -0.0740825161 1.73686993 0.01041489
v -0.0717745498 1.74412787 0.015633259
v -0.0711988658 1.74111795 0.0202754401
v -0.072465308 1.73746085 0.0175254904
v -0.0735864118 1.733742 0.0146986302
v -0.0665775388 1.75537992 0.0227584913
v -0.0686417893 1.75154495 0.0204035584
v -0.0641717538 1.75911891 0.0250233505
v -0.0633919388 1.75643289 0.0313436277
v -0.0659127608 1.75257897 0.0285953581
v -0.0680457503 1.74863601 0.0257810093
v -0.0697650388 1.74483085 0.023016369
v -0.0703451782 1.74779403 0.0180465691
v -0.0750576556 1.73294008 0.00754499482
v -0.0745787248 1.72986603 0.0117234094
v -0.0754368752 1.7259469 0.00873078778
v -0.0758917332 1.72893202 0.00461811014
v -0.0729943588 1.73075807 0.0187228192
v -0.0740231425 1.72696197 0.0156606697
v -0.0749303475 1.72313702 0.0126432497
v -0.0705374256 1.73809099 0.0247463696
v -0.0690543875 1.74175704 0.0278026592
v -0.0672428757 1.74552786 0.03096205
v -0.0718392134 1.73445094 0.021732308
v -0.0622765198 1.75335002 0.0375491008
v -0.0649469793 1.74947202 0.0342983678
v -0.0560980774 1.76033998 0.0431679823
v -0.0593529493 1.75692391 0.0404419601
v -0.0605172366 1.75997603 0.0338930972
v -0.0484708399 1.76697004 0.0484988503
v -0.0524388589 1.76373994 0.045908168
v -0.0411714315 1.77590692 0.0447550006
v -0.039844308 1.77246499 0.0527336858
v -0.044290252 1.76986802 0.0507706776
v -0.045555409 1.77315986 0.0430288054
v -0.03131596 1.78073585 0.0474610366
v -0.0301624984 1.776824 0.0557689704
v -0.0350944288 1.77479291 0.0543939993
v -0.0363536477 1.77847397 0.0462268665
v -0.0614528582 1.76258099 0.0271229781
v -0.0469331294 1.77556098 0.0346694402
v -0.0425489619 1.77842796 0.0361647382
v -0.0377595797 1.78115988 0.0374596976
v -0.0326790996 1.78361201 0.0385405496
v -0.00537713524 1.79004693 0.0408779718
v -0.00479116384 1.78662705 0.0503691286
v -0.0105383499 1.78601503 0.0501934364
v -0.0113197397 1.78935587 0.0407285504
v -0.0211616606 1.78406394 0.0493041091
v -0.0221602004 1.78719401 0.0400542505
v -0.0168501195 1.78842103 0.0404736064
v -0.0159574691 1.78518403 0.0498527177
v -0.00971951149 1.78165102 0.0587608293
v -0.00423806114 1.78218305 0.0589954257
v -0.0149945198 1.78091705 0.0583654679
v -0.0201275982 1.77990401 0.0577617697
v -0.0251791086 1.77853191 0.0568937473
v -0.0262682699 1.78259003 0.0484944917
v -0.0274579003 1.78560495 0.039409671
v -0.0763578713 1.71569502 0.0070031574
v -0.075717859 1.71937501 0.00976311043
v -0.0767269135 1.71833694 0.00309440307
v -0.0761526674 1.72209501 0.00585181871
v -0.0765436888 1.72501802 0.0017629629
v -0.0770527795 1.7211839 -0.000966630585
v -0.0746967942 1.70326698 0.0176874194
v -0.0753224716 1.70535791 0.0146260094
v -0.0751876384 1.70002592 0.0152125889
v -0.0757727697 1.70204186 0.0121142101
v -0.0775014013 1.70031989 -0.0132194897
v -0.0772291794 1.69715095 -0.0146962898
v -0.0773832053 1.69864297 -0.00974343065
v -0.0771507695 1.6957159 -0.0114918398
v -0.076905705 1.69301605 -0.0130962301
v -0.0769658983 1.69420695 -0.0160562992
v -0.0756784454 1.68471098 -0.00163431303
v -0.0759387463 1.687325 0.0004828276
v -0.0756082684 1.68470705 0.00321634696
v -0.0753733218 1.68195593 0.000861803652
v -0.0761374012 1.69006801 0.00261137984
v -0.0757623985 1.68759394 0.00545084756
v -0.0753954202 1.68510997 0.00847107545
v -0.0753037706 1.68192196 0.00598041993
v -0.0751035288 1.67893708 0.00319854706
v -0.077178888 1.69678998 -0.00634318078
v -0.0769553855 1.69404602 -0.00824559573
v -0.0768926442 1.69473791 -0.00312471204
v -0.0766672865 1.69209695 -0.00511266571
v -0.0764024779 1.68965495 -0.00698491838
v -0.0767041966 1.69152498 -0.0100079002
v -0.0763100982 1.68982494 -0.00224830187
v -0.0765301436 1.69247401 -0.000193608998
v -0.0760422572 1.68732893 -0.00422182214
v -0.0750055313 1.67893291 0.00880671944
v -0.0750343278 1.68266201 0.01181015
v -0.0748424977 1.67552507 0.00531829707
v -0.077663064 1.70473993 -0.00607339619
v -0.0775675252 1.70165205 -0.00794416107
v -0.0777238607 1.70356393 -0.0116342604
v -0.0778595656 1.70688093 -0.00990190357
v -0.0762706622 1.692855 0.00483639585
v -0.0758249015 1.69057095 0.00781716872
v -0.0762784481 1.69575298 0.0071657747
v -0.0757632554 1.69363797 0.0102607906
v -0.0753646269 1.68833685 0.0109700402
v -0.0749104321 1.68619287 0.0144147687
v -0.0770880207 1.70020998 0.000943075574
v -0.0767162368 1.69795394 0.00410497282
v -0.0766815096 1.69515586 0.00190802396
v -0.0770433098 1.6974169 -0.00112636993
v -0.077405408 1.70249403 -0.002453811
v -0.0773402601 1.69959307 -0.004425867
v -0.0774633661 1.71740997 -0.00351561187
v -0.0777454898 1.71375 -0.00586286467
v -0.077164121 1.71469498 0.0004667342
v -0.077464886 1.71120095 -0.00195832807
v -0.0776308551 1.707901 -0.00410853373
v -0.0778728575 1.71025693 -0.00798498001
v -0.0768279582 1.71212709 0.00434435159
v -0.0771480128 1.70871902 0.00185827992
v -0.0764180571 1.709723 0.00802777428
v -0.0767669827 1.70634985 0.00550549338
v -0.0755471885 1.69680405 0.0127322488
v -0.0761025101 1.69882703 0.0096105868
v -0.0769937187 1.70318401 0.00314985169
v -0.0773412436 1.70552194 -0.000382877566
v -0.0763040036 1.70413888 0.00890140235
v -0.0765832141 1.70095301 0.006448837
v -0.0759067312 1.70748699 0.0114308298
v 0.0549406596 1.67521501 -0.0819398686
v 0.0586792417 1.67530584 -0.0768751428
v 0.0601754524 1.68268907 -0.07909742
v 0.0563435704 1.68296897 -0.0845345184
v 0.0573671088 1.76098907 -0.0672894493
v 0.0565451905 1.76744294 -0.0608663149
v 0.0616554767 1.69041896 -0.0805415884
v 0.0571690388 1.66819704 -0.0741639584
v 0.0533526093 1.66783488 -0.0787840933
v 0.0576211289 1.75404799 -0.0733540654
v 0.0504693985 1.67503202 -0.0867053047
v 0.0516883172 1.68307197 -0.0897088423
v 0.0489941575 1.66735983 -0.0831232145
v 0.0691850185 1.76202393 -0.00833842531
v 0.0710609555 1.75798595 -0.00624920474
v 0.0723623037 1.75394392 -0.00326299388
v 0.073843658 1.75058305 -0.00667748554
v 0.0750070363 1.74707305 -0.0100383097
v 0.0610427372 1.71817994 -0.0853681713
v 0.0655014813 1.71549392 -0.0789971873
v 0.0557584986 1.72058392 -0.0910163224
v 0.02273608 1.79725206 -0.0186868291
v 0.0673213452 1.73575497 0.0363888778
v 0.0654013306 1.73934495 0.0400795601
v 0.0629856288 1.74307299 0.0440256484
v 0.0602463298 1.74673486 0.0478642061
v 0.0573503673 1.7501229 0.0512277894
v 0.0541587882 1.75328791 0.0543340668
v 0.050547909 1.756284 0.0574101768
v 0.0466187 1.75906003 0.0603073686
v 0.0424505882 1.76154685 0.0628594011
v 0.0381471477 1.76369798 0.0650857463
vt 0.627120972 0.846790314
vt 0.627700806 0.866504729
vt 0.609726012 0.871242523
vt 0.609726012 0.851917207
vt 0.627349913 0.826316774
vt 0.609634399 0.831134796
vt 0.713195801 0.330764711
vt 0.735702515 0.335067689
vt 0.735336304 0.356750488
vt 0.712280214 0.352844298
vt 0.690063477 0.326049805
vt 0.68862921 0.3489227
vt 0.69114691 0.303909302
vt 0.666534424 0.321487397
vt 0.667678773 0.298538208
vt 0.665466428 0.34551999
vt 0.538742125 0.843448699
vt 0.556289613 0.841342986
vt 0.556640625 0.862400115
vt 0.539001524 0.864784181
vt 0.573791504 0.838829219
vt 0.573822081 0.859703124
vt 0.573837221 0.879793227
vt 0.556549072 0.882448077
vt 0.539367616 0.884366989
vt 0.59173578 0.85622412
vt 0.591690123 0.835571289
vt 0.59185791 0.8759498
vt 0.698745787 0.622154176
vt 0.713211119 0.619949281
vt 0.709442198 0.637191772
vt 0.695999205 0.640190184
vt 0.641845822 0.342346191
vt 0.642791808 0.317245513
vt 0.643463314 0.29335019
vt 0.683654785 0.62474817
vt 0.68144232 0.643333495
vt 0.719345093 0.853817105
vt 0.736709595 0.838302672
vt 0.736953676 0.850780487
vt 0.719207704 0.866737306
vt 0.755172789 0.82447052
vt 0.75389111 0.836414397
vt 0.753387511 0.846473694
vt 0.73638922 0.862415314
vt 0.719223022 0.877313614
vt 0.68359381 0.877163112
vt 0.701065123 0.862937927
vt 0.70211792 0.878044188
vt 0.683197021 0.88997829
vt 0.702087283 0.891470015
vt 0.682906985 0.901649475
vt 0.610046387 0.905649185
vt 0.625351012 0.89743799
vt 0.626373172 0.913513184
vt 0.609268188 0.920000076
vt 0.646240175 0.894046783
vt 0.645111084 0.90756619
vt 0.643402219 0.919715881
vt 0.627578795 0.928848326
vt 0.607620299 0.932146072
vt 0.589096129 0.92194742
vt 0.590240479 0.908409178
vt 0.590072691 0.936958313
vt 0.572586119 0.942747116
vt 0.573501587 0.927961409
vt 0.573364317 0.912548125
vt 0.554138184 0.945837975
vt 0.555175781 0.931663513
vt 0.538574219 0.945341229
vt 0.538543701 0.932050824
vt 0.54057312 0.917350829
vt 0.557006896 0.915485382
vt 0.884643495 0.660949707
vt 0.886764526 0.668747008
vt 0.87852478 0.684517026
vt 0.876907289 0.677703917
vt 0.888793886 0.676063478
vt 0.8800354 0.691085815
vt 0.823440611 0.515670717
vt 0.836334229 0.524635315
vt 0.828659117 0.541770875
vt 0.8155213 0.533226013
vt 0.846862912 0.533943117
vt 0.839675903 0.550643921
vt 0.869598389 0.70993042
vt 0.868179321 0.702438295
vt 0.866760314 0.694877625
vt 0.83190918 0.567565978
vt 0.820724487 0.558738708
vt 0.807464719 0.55078882
vt 0.540878296 0.957259178
vt 0.528320313 0.960735321
vt 0.524368286 0.947185576
vt 0.543289185 0.968792617
vt 0.528625488 0.969901621
vt 0.843582273 0.507598877
vt 0.853347778 0.517929077
vt 0.831207216 0.497650206
vt 0.507003784 0.968358099
vt 0.508926511 0.961614609
vt 0.506195128 0.947408676
vt 0.838745177 0.480133086
vt 0.850250185 0.491607696
vt 0.625930786 0.93813622
vt 0.606079102 0.942556381
vt 0.642852783 0.932142317
vt 0.859085083 0.502761781
vt 0.585723817 0.483062714
vt 0.562530518 0.483383209
vt 0.56362921 0.461380005
vt 0.587219179 0.461029112
vt 0.539230287 0.48374939
vt 0.539871216 0.461929291
vt 0.641494811 0.940588117
vt 0.623687685 0.94654572
vt 0.606704712 0.954745412
vt 0.540451109 0.438949615
vt 0.564620972 0.438445985
vt 0.588470519 0.438400298
vt 0.818984985 0.770908296
vt 0.83229059 0.752201021
vt 0.832977176 0.759998322
vt 0.819458008 0.778945923
vt 0.844680786 0.732666016
vt 0.845916808 0.741127014
vt 0.491371214 0.440444887
vt 0.516021788 0.43963629
vt 0.5158692 0.462310791
vt 0.491867095 0.462966889
vt 0.847061276 0.748825073
vt 0.833694518 0.767410278
vt 0.820053101 0.785816312
vt 0.699035704 0.898734987
vt 0.682266176 0.912820816
vt 0.718612671 0.886423111
vt 0.718582213 0.894397676
vt 0.697235227 0.905006528
vt 0.680770814 0.921188414
vt 0.665313721 0.914016783
vt 0.661392212 0.920915604
vt 0.659210205 0.92950058
vt 0.735611022 0.872566223
vt 0.753036499 0.855087221
vt 0.752975404 0.862476289
vt 0.734069824 0.878376007
vt 0.788955688 0.808837891
vt 0.805130005 0.790218294
vt 0.804962218 0.799388826
vt 0.788574219 0.817112029
vt 0.804534912 0.806491911
vt 0.788757324 0.825042725
vt 0.773620605 0.82736212
vt 0.772872925 0.835121274
vt 0.77230829 0.842388213
vt 0.591278017 0.9506073
vt 0.570495605 0.95397383
vt 0.588439882 0.958535314
vt 0.567581177 0.961488724
vt 0.555984378 0.965618193
vt 0.555343628 0.956321776
vt 0.649231017 0.689865172
vt 0.664856017 0.685844421
vt 0.664123595 0.705520689
vt 0.648406982 0.710334718
vt 0.67930609 0.681404114
vt 0.678817809 0.700279176
vt 0.857162595 0.721939027
vt 0.855911314 0.714111388
vt 0.858581603 0.729125977
vt 0.678512573 0.719970584
vt 0.66342181 0.725868225
vt 0.647384703 0.731422484
vt 0.705474794 0.672096312
vt 0.707077026 0.654747009
vt 0.718521178 0.651535094
vt 0.717071474 0.667808592
vt 0.72164911 0.635009825
vt 0.63949579 0.589393616
vt 0.641693115 0.568061888
vt 0.66014111 0.567657471
vt 0.657241821 0.5884552
vt 0.878952086 0.643150389
vt 0.886398315 0.627700806
vt 0.889297485 0.637626708
vt 0.882080019 0.652526915
vt 0.891891479 0.61227411
vt 0.895431519 0.622634828
vt 0.637680113 0.610908389
vt 0.654815674 0.609481812
vt 0.733322322 0.634284914
vt 0.729522824 0.649192929
vt 0.898391724 0.632316589
vt 0.891815186 0.64691931
vt 0.727966309 0.663826108
vt 0.911422789 0.604423523
vt 0.904678285 0.618576109
vt 0.900817871 0.607780516
vt 0.906967223 0.593475401
vt 0.89654541 0.596893311
vt 0.902023315 0.582611024
vt 0.901031613 0.641357422
vt 0.893951416 0.654640198
vt 0.902786314 0.650161922
vt 0.895523071 0.661735475
vt 0.716293275 0.486541808
vt 0.735305786 0.488372803
vt 0.729232788 0.509483278
vt 0.710876524 0.507835388
vt 0.753845215 0.490829498
vt 0.747116208 0.511611879
vt 0.53680408 0.573280275
vt 0.558807373 0.571975589
vt 0.558624327 0.593940794
vt 0.536712587 0.59525311
vt 0.580703676 0.570472717
vt 0.580322325 0.592590392
vt 0.580123901 0.614646912
vt 0.55857861 0.61618799
vt 0.536865175 0.617385924
vt 0.515747011 0.596336424
vt 0.515487611 0.574371278
vt 0.515991211 0.618637025
vt 0.495635986 0.619163513
vt 0.494995087 0.597084105
vt 0.494384706 0.57484442
vt 0.794433475 0.606781006
vt 0.782684326 0.598701477
vt 0.791381776 0.583213687
vt 0.803802609 0.591201782
vt 0.804596007 0.61605829
vt 0.814544678 0.600082517
vt 0.516479492 0.640731812
vt 0.496208191 0.641586423
vt 0.537109375 0.639457703
vt 0.925003111 0.575248718
vt 0.931243896 0.586120605
vt 0.923934877 0.601005614
vt 0.918838501 0.590080321
vt 0.937591672 0.598556578
vt 0.928527892 0.613449216
vt 0.919799805 0.630897522
vt 0.915679872 0.615249574
vt 0.908309996 0.62864691
vt 0.910430908 0.640129209
vt 0.940414488 0.533637881
vt 0.948517025 0.555213928
vt 0.937759519 0.5705567
vt 0.930770874 0.556900024
vt 0.954544127 0.570365906
vt 0.94493109 0.58506012
vt 0.537383974 0.66167438
vt 0.516967714 0.663078308
vt 0.496864289 0.664085388
vt 0.827835083 0.4193573
vt 0.847122371 0.408325195
vt 0.853653014 0.422958404
vt 0.8439942 0.436813414
vt 0.856246889 0.400009215
vt 0.860641479 0.414779693
vt 0.865188599 0.429031402
vt 0.860412717 0.437362611
vt 0.854065001 0.449829102
vt 0.753799498 0.675590515
vt 0.749221802 0.664100707
vt 0.757690489 0.655799925
vt 0.764388978 0.666160583
vt 0.745910585 0.657417417
vt 0.75 0.649292111
vt 0.740447998 0.531524718
vt 0.722900271 0.529815674
vt 0.705322325 0.528739929
vt 0.740585387 0.467330903
vt 0.760391176 0.470108002
vt 0.720962524 0.465133697
vt 0.72467041 0.443893403
vt 0.745635986 0.446121186
vt 0.766479492 0.449462891
vt 0.772628725 0.494674712
vt 0.76486212 0.514572203
vt 0.790862978 0.5
vt 0.782516479 0.519165099
vt 0.774383485 0.537742615
vt 0.757263184 0.533912718
vt 0.780090272 0.474395812
vt 0.799331605 0.480377197
vt 0.78793329 0.453918487
vt 0.807891905 0.461074799
vt 0.808242798 0.507011473
vt 0.799758911 0.525512815
vt 0.791671693 0.543609619
vt 0.816360474 0.488616914
vt 0.82522577 0.46975711
vt 0.67604059 0.484008789
vt 0.69656378 0.48500061
vt 0.692123473 0.50667572
vt 0.672088623 0.505973697
vt 0.68699652 0.527946472
vt 0.667770386 0.527359009
vt 0.700073183 0.463485688
vt 0.678741515 0.462371886
vt 0.538116515 0.70629108
vt 0.518127501 0.707603514
vt 0.517486572 0.685317993
vt 0.537841797 0.68398279
vt 0.498130798 0.708389223
vt 0.497543305 0.686134279
vt 0.694076598 0.658531308
vt 0.680130005 0.662277102
vt 0.692840576 0.676727295
vt 0.651473999 0.649345517
vt 0.666717529 0.646362424
vt 0.665618896 0.665931702
vt 0.650268614 0.669426024
vt 0.695205688 0.566978395
vt 0.711914003 0.566848814
vt 0.706954896 0.585586488
vt 0.690765381 0.586471498
vt 0.728164673 0.567474425
vt 0.722930789 0.585143983
vt 0.718048096 0.602760315
vt 0.702529907 0.604019225
vt 0.686767519 0.605880797
vt 0.744216919 0.569381714
vt 0.738220215 0.585762024
vt 0.760284424 0.572433412
vt 0.753494322 0.588134825
vt 0.746536314 0.603119016
vt 0.732559204 0.602050781
vt 0.626098573 0.527229309
vt 0.624054015 0.547805905
vt 0.602905214 0.548225522
vt 0.6043244 0.527038515
vt 0.622436523 0.56867969
vt 0.602050781 0.56942749
vt 0.581237674 0.548721373
vt 0.582244813 0.527252197
vt 0.537750185 0.528839111
vt 0.560089111 0.527832091
vt 0.559234619 0.5498963
vt 0.537216187 0.550888121
vt 0.730316222 0.692451477
vt 0.72819531 0.677749693
vt 0.739196777 0.671585083
vt 0.742401123 0.684608519
vt 0.738342285 0.659591675
vt 0.538818419 0.728713989
vt 0.518936217 0.730041504
vt 0.539398193 0.751369476
vt 0.519760191 0.752887726
vt 0.499641389 0.753787994
vt 0.498779297 0.730956972
vt 0.871948183 0.660995483
vt 0.868133485 0.651611388
vt 0.875701904 0.63407141
vt 0.86315918 0.678840697
vt 0.86013788 0.669944823
vt 0.855956972 0.660385191
vt 0.863510311 0.64250952
vt 0.87171942 0.625114501
vt 0.571609378 0.210006699
vt 0.599105895 0.215148896
vt 0.596527219 0.237686202
vt 0.570175171 0.233215302
vt 0.543838501 0.206756607
vt 0.54347229 0.230148301
vt 0.75730902 0.360610992
vt 0.756515503 0.382019103
vt 0.73373419 0.378845215
vt 0.779754579 0.364975005
vt 0.779952884 0.385879606
vt 0.77760309 0.406936705
vt 0.753936827 0.403671294
vt 0.731048524 0.400863707
vt 0.820648193 0.374771088
vt 0.800750792 0.366973907
vt 0.797348022 0.347701997
vt 0.815429688 0.354797393
vt 0.778533876 0.344741911
vt 0.777206421 0.326034606
vt 0.795196474 0.329452515
vt 0.811340272 0.338638306
vt 0.735488892 0.314590514
vt 0.755661011 0.320724487
vt 0.75642401 0.340026885
vt 0.835128784 0.695366025
vt 0.845443785 0.677650511
vt 0.849365294 0.687408507
vt 0.838607788 0.705055177
vt 0.852493286 0.696929991
vt 0.841339111 0.71472168
vt 0.503601074 0.887441695
vt 0.521636903 0.886047304
vt 0.522781312 0.903888822
vt 0.504226685 0.904941618
vt 0.540649414 0.901704788
vt 0.521911621 0.919075012
vt 0.504043519 0.918416977
vt 0.827011228 0.72429651
vt 0.823669493 0.713592589
vt 0.829422116 0.73462683
vt 0.816558778 0.753436983
vt 0.814712524 0.742828429
vt 0.811798096 0.731163025
vt 0.802062988 0.759845793
vt 0.798751771 0.747848511
vt 0.804336488 0.770904481
vt 0.788772523 0.789714813
vt 0.787368774 0.777423918
vt 0.78503412 0.764278412
vt 0.770584106 0.794708192
vt 0.768417418 0.780902803
vt 0.772476077 0.806941986
vt 0.804397523 0.30581671
vt 0.788696289 0.295623809
vt 0.78692621 0.278823912
vt 0.801940918 0.288391113
vt 0.774002075 0.290206909
vt 0.772613525 0.27204901
vt 0.770874023 0.253585786
vt 0.785949588 0.261871308
vt 0.801162779 0.272216797
vt 0.808349609 0.322479308
vt 0.792022705 0.312423706
vt 0.775543213 0.30809021
vt 0.736572325 0.275360107
vt 0.755355775 0.283523589
vt 0.755386412 0.301971406
vt 0.73588562 0.294784606
vt 0.754333377 0.811008513
vt 0.751800478 0.79644388
vt 0.755233705 0.264831603
vt 0.737213194 0.256256104
vt 0.736099184 0.825141907
vt 0.734802306 0.81042099
vt 0.718826413 0.837989807
vt 0.717559814 0.821609378
vt 0.700546324 0.849075317
vt 0.699691772 0.834018826
vt 0.682388186 0.860389709
vt 0.68095392 0.843315184
vt 0.645187378 0.876571715
vt 0.662490785 0.868015289
vt 0.662353516 0.881620407
vt 0.644439816 0.859485686
vt 0.662963808 0.853157103
vt 0.626831114 0.883161604
vt 0.609634399 0.888856888
vt 0.573760986 0.897623122
vt 0.55670172 0.899759293
vt 0.591812313 0.894105911
vt 0.718338013 0.699775815
vt 0.716918886 0.683357179
vt 0.706069887 0.706710815
vt 0.705047488 0.689079225
vt 0.515731812 0.484329313
vt 0.692443788 0.694732726
vt 0.692733824 0.713508606
vt 0.492363006 0.484817594
vt 0.799514771 0.567260802
vt 0.812423706 0.574951172
vt 0.538452208 0.506195128
vt 0.515579224 0.506668091
vt 0.515533388 0.529258728
vt 0.823410094 0.58367151
vt 0.858810484 0.632957399
vt 0.867462277 0.615821898
vt 0.851028502 0.650337219
vt 0.84550482 0.640342772
vt 0.854110777 0.62322998
vt 0.862548828 0.606338382
vt 0.767059386 0.555389404
vt 0.783996522 0.560569823
vt 0.776321411 0.576896727
vt 0.647445679 0.527252197
vt 0.644393921 0.547714293
vt 0.663787782 0.54750073
vt 0.682189882 0.547599912
vt 0.700042725 0.547927916
vt 0.677993774 0.567199826
vt 0.717163086 0.548461974
vt 0.733978212 0.549736023
vt 0.750595212 0.551933229
vt 0.493263215 0.529830873
vt 0.515396118 0.551803589
vt 0.493804902 0.552429199
vt 0.865951478 0.450653106
vt 0.861785889 0.462417603
vt 0.869567871 0.441223115
vt 0.873535216 0.452484101
vt 0.870925903 0.462615997
vt 0.867965817 0.474426299
vt 0.635513306 0.43876639
vt 0.612182617 0.438415587
vt 0.613327086 0.414901704
vt 0.636672914 0.415893614
vt 0.589614809 0.414428711
vt 0.590667725 0.38935861
vt 0.614563107 0.3907471
vt 0.638031006 0.392273009
vt 0.75012207 0.425079405
vt 0.7726897 0.428390503
vt 0.727890015 0.422592193
vt 0.795928895 0.43321231
vt 0.81791693 0.440795898
vt 0.802474916 0.411193788
vt 0.140422806 0.698104918
vt 0.138248399 0.707717896
vt 0.128185302 0.690010071
vt 0.130699202 0.680679321
vt 0.136417404 0.716209412
vt 0.126460999 0.698623717
vt 0.117017798 0.681503296
vt 0.119007103 0.673027098
vt 0.122257203 0.663948119
vt 0.160606399 0.751529813
vt 0.148037001 0.733512878
vt 0.1493797 0.724357486
vt 0.162216201 0.742935121
vt 0.151012406 0.714530885
vt 0.163562804 0.73262018
vt 0.186485305 0.786872804
vt 0.173061401 0.767616272
vt 0.175373107 0.760078371
vt 0.1886902 0.779510498
vt 0.178440094 0.751621187
vt 0.1915894 0.770652771
vt 0.469650298 0.918863416
vt 0.486587614 0.919542372
vt 0.487556487 0.934339523
vt 0.470405608 0.93447119
vt 0.503982484 0.931638718
vt 0.489120513 0.949161589
vt 0.470825315 0.949954987
vt 0.365867615 0.899839401
vt 0.366401702 0.915597916
vt 0.348014802 0.907411575
vt 0.347419709 0.892906189
vt 0.368301392 0.928316176
vt 0.3491745 0.920232773
vt 0.328071594 0.909162581
vt 0.32862851 0.897674501
vt 0.328460693 0.883750916
vt 0.203262299 0.799064577
vt 0.201011702 0.805942476
vt 0.206085205 0.790142119
vt 0.219387099 0.803402007
vt 0.217395797 0.814022124
vt 0.215313002 0.822536528
vt 0.250694305 0.857608795
vt 0.234012604 0.841072083
vt 0.235008195 0.833625913
vt 0.252494812 0.849651396
vt 0.236782104 0.823329985
vt 0.255111694 0.839279175
vt 0.29095459 0.866153717
vt 0.29094699 0.879415512
vt 0.269851714 0.863597929
vt 0.271202087 0.850082517
vt 0.29006961 0.887527525
vt 0.26979059 0.873092711
vt 0.30821991 0.887733519
vt 0.309372008 0.875244081
vt 0.306884795 0.89783287
vt 0.401184112 0.911020279
vt 0.402061492 0.927747786
vt 0.384742707 0.922561705
vt 0.38381961 0.906141281
vt 0.404213011 0.940468907
vt 0.386909515 0.93526268
vt 0.418586701 0.913990021
vt 0.418922395 0.931303024
vt 0.436058015 0.915845871
vt 0.436927795 0.933448911
vt 0.437896699 0.947939873
vt 0.420539886 0.94448477
vt 0.453720093 0.933929622
vt 0.454513609 0.949633598
vt 0.453102112 0.916873872
vt 0.125495896 0.705848694
vt 0.115966797 0.688644409
vt 0.134914398 0.723106384
vt 0.133522004 0.729659975
vt 0.124109298 0.71219641
vt 0.1150131 0.695388913
vt 0.489730895 0.961252213
vt 0.471733093 0.959986687
vt 0.489685088 0.969164371
vt 0.472824097 0.96784687
vt 0.407318085 0.949172974
vt 0.390281707 0.944070816
vt 0.410049409 0.95748812
vt 0.393386811 0.952170372
vt 0.375228912 0.945606291
vt 0.3719787 0.937198818
vt 0.184936494 0.793582916
vt 0.170810699 0.775104523
vt 0.184192702 0.801113188
vt 0.170978606 0.782821715
vt 0.157104507 0.765987277
vt 0.158157304 0.758659422
vt 0.331428498 0.918645918
vt 0.306511015 0.906211913
vt 0.335876495 0.926952422
vt 0.310760498 0.914264679
vt 0.29006201 0.901002884
vt 0.28982541 0.894548416
vt 0.352874786 0.929094315
vt 0.356361389 0.937299788
vt 0.271377593 0.881038606
vt 0.2734375 0.888692915
vt 0.255577087 0.873794615
vt 0.252090514 0.865459502
vt 0.217147797 0.830890715
vt 0.1995354 0.812656403
vt 0.218891203 0.838810027
vt 0.199550599 0.819786072
vt 0.233238205 0.847789824
vt 0.233585402 0.854934692
vt 0.439659089 0.957014084
vt 0.423057586 0.953454077
vt 0.441513091 0.964972496
vt 0.425590485 0.961749077
vt 0.456001312 0.958361685
vt 0.457359314 0.966292381
vt 0.146705598 0.74068439
vt 0.145744294 0.747909486
vt 0.110855103 0.656799316
vt 0.114530601 0.647461116
vt 0.108545303 0.665893614
vt 0.100854903 0.651123106
vt 0.103513703 0.641548216
vt 0.108377501 0.632339418
vt 0.0872955397 0.624855101
vt 0.0921459273 0.614128172
vt 0.0976333693 0.627426326
vt 0.0936183929 0.637397826
vt 0.0978507996 0.602783084
vt 0.1030102 0.617744505
vt 0.107715599 0.67388922
vt 0.0999221802 0.660080016
vt 0.107030898 0.680969179
vt 0.0998020172 0.669258118
vt 0.834060729 0.452484101
vt 0.846588194 0.464889586
vt 0.702972412 0.442169189
vt 0.705490112 0.420440704
vt 0.680786192 0.440734893
vt 0.682510376 0.418746889
vt 0.684524596 0.396118194
vt 0.707733214 0.398574799
vt 0.825302124 0.674186826
vt 0.835708618 0.657287598
vt 0.840942383 0.667640686
vt 0.830703795 0.6850968
vt 0.502227724 0.845943511
vt 0.52053827 0.845077515
vt 0.520874023 0.866062224
vt 0.502716124 0.867065489
vt 0.819244325 0.702110291
vt 0.807815611 0.718811095
vt 0.737320006 0.236877501
vt 0.754623413 0.245956406
vt 0.802871704 0.705749512
vt 0.814071715 0.690422177
vt 0.756240785 0.63936621
vt 0.766159117 0.646286011
vt 0.774841309 0.655738771
vt 0.794509888 0.630783021
vt 0.784667909 0.644058287
vt 0.775222778 0.634651184
vt 0.784667909 0.621498108
vt 0.764587402 0.627182126
vt 0.773651123 0.613502622
vt 0.693298399 0.733917177
vt 0.67805481 0.741195679
vt 0.707824826 0.7261886
vt 0.710082889 0.74634552
vt 0.694366574 0.755168915
vt 0.67803961 0.763065398
vt 0.803771973 0.641334474
vt 0.793411314 0.654983521
vt 0.812026978 0.652488708
vt 0.801162779 0.6667099
vt 0.789947391 0.680015624
vt 0.782714784 0.667289793
vt 0.759765685 0.689414978
vt 0.747207582 0.699905515
vt 0.76614368 0.70476532
vt 0.75239557 0.716354311
vt 0.738571227 0.727584779
vt 0.734085083 0.709274173
vt 0.771438479 0.678810179
vt 0.778579712 0.692565978
vt 0.814041197 0.626113892
vt 0.824035585 0.609680176
vt 0.832351685 0.619857788
vt 0.822418213 0.636489809
vt 0.829559386 0.646865904
vt 0.819122374 0.66342181
vt 0.839401305 0.630187988
vt 0.790664613 0.720443726
vt 0.785140991 0.706428528
vt 0.796798587 0.692703187
vt 0.777038515 0.735275209
vt 0.771957278 0.719932497
vt 0.808120787 0.67854321
vt 0.757446289 0.733474791
vt 0.742538512 0.745986879
vt 0.762191772 0.750286102
vt 0.746002197 0.7641716
vt 0.724624574 0.737236023
vt 0.727767885 0.75674808
vt 0.712432802 0.766570985
vt 0.73034668 0.775772095
vt 0.714599609 0.786178529
vt 0.696106017 0.776111603
vt 0.679138184 0.784534514
vt 0.697708189 0.795909822
vt 0.680282593 0.805305481
vt 0.64515692 0.776176512
vt 0.661849976 0.770030916
vt 0.662338197 0.792167604
vt 0.644927979 0.798557222
vt 0.662536621 0.812984407
vt 0.644989014 0.820087373
vt 0.609375 0.786144197
vt 0.627410889 0.78157419
vt 0.6272735 0.804210722
vt 0.609481812 0.809188783
vt 0.721343875 0.718078613
vt 0.646148682 0.753482819
vt 0.66242981 0.747711182
vt 0.628707886 0.758815825
vt 0.630218387 0.736312926
vt 0.610717773 0.763355315
vt 0.612335086 0.740737915
vt 0.520187318 0.776325226
vt 0.500213623 0.777099609
vt 0.53944391 0.774990022
vt 0.539047182 0.798362792
vt 0.520217776 0.799610078
vt 0.50088501 0.800304413
vt 0.574493408 0.793720186
vt 0.557098389 0.796302676
vt 0.557510376 0.773067474
vt 0.575042725 0.770656586
vt 0.557830811 0.749626219
vt 0.575805724 0.747352719
vt 0.520233095 0.822628021
vt 0.53855902 0.821216524
vt 0.501480103 0.82352829
vt 0.55644232 0.819221497
vt 0.574050903 0.816623688
vt 0.591903687 0.790363312
vt 0.591690123 0.813232422
vt 0.594116271 0.744392514
vt 0.592804015 0.767162383
vt 0.848449826 0.613136411
vt 0.856521726 0.596130371
vt 0.841430724 0.603088379
vt 0.849563718 0.586128175
vt 0.833114684 0.593139708
vt 0.841491818 0.576644778
vt 0.87889111 0.608802915
vt 0.882995486 0.618026912
vt 0.883346617 0.59224689
vt 0.887664914 0.601997316
vt 0.875579774 0.473220915
vt 0.873062313 0.485763609
vt 0.877197325 0.462768614
vt 0.881347597 0.472702086
vt 0.880020201 0.483398408
vt 0.877868712 0.495895386
vt 0.900894225 0.508087218
vt 0.907852292 0.516044617
vt 0.904693604 0.529609621
vt 0.897979677 0.520736694
vt 0.916976929 0.523025513
vt 0.913452327 0.539108217
vt 0.909790099 0.553970277
vt 0.90222168 0.543273926
vt 0.895736694 0.533927917
vt 0.88470459 0.49382019
vt 0.882339418 0.505882323
vt 0.886016786 0.483016998
vt 0.890685976 0.492355406
vt 0.88885498 0.503929198
vt 0.886444092 0.515861511
vt 0.890579224 0.524856627
vt 0.893127501 0.5126037
vt 0.895690918 0.500389099
vt 0.917999327 0.565513611
vt 0.92276001 0.547935486
vt 0.926864624 0.527999818
vt 0.871612489 0.522292972
vt 0.865692198 0.512619019
vt 0.869857788 0.498672485
vt 0.874938905 0.508461118
vt 0.864166319 0.488342285
vt 0.900939882 0.558479309
vt 0.89479059 0.548347473
vt 0.906738222 0.568527222
vt 0.89704901 0.572395325
vt 0.892440677 0.562446594
vt 0.91241461 0.579696715
vt 0.670974672 0.607681274
vt 0.668563902 0.627067626
vt 0.652938783 0.629425108
vt 0.674209595 0.587501585
vt 0.617981017 0.654495299
vt 0.618743896 0.633491516
vt 0.636382997 0.631538391
vt 0.635192871 0.652015686
vt 0.619567871 0.612121582
vt 0.882659912 0.543067992
vt 0.88444531 0.528633118
vt 0.889511228 0.538543701
vt 0.887756407 0.55329901
vt 0.879516721 0.518669188
vt 0.877365172 0.532463014
vt 0.855560422 0.543243408
vt 0.848815978 0.55973053
vt 0.863098204 0.552619874
vt 0.856689513 0.56916821
vt 0.492805511 0.507194519
vt 0.661300719 0.0613403283
vt 0.662231386 0.0800018311
vt 0.645614624 0.0728607327
vt 0.644332886 0.0543518215
vt 0.861312926 0.527656615
vt 0.868026912 0.537490785
vt 0.629272521 0.0660400391
vt 0.6277619 0.0478973389
vt 0.695541382 0.09523011
vt 0.695373476 0.0766601637
vt 0.712600589 0.0854187086
vt 0.712432802 0.104003899
vt 0.730194211 0.0945587307
vt 0.729537904 0.1133423
vt 0.869232178 0.562652588
vt 0.863311827 0.579139709
vt 0.874237001 0.572845519
vt 0.869186521 0.589302123
vt 0.0745792463 0.597259521
vt 0.0811271667 0.611991823
vt 0.0776424482 0.623664916
vt 0.0697422028 0.608596921
vt 0.084493652 0.636482179
vt 0.0827064514 0.651992798
vt 0.073846817 0.636299074
vt 0.0657673031 0.621940613
vt 0.0922470167 0.647964478
vt 0.0920333937 0.659515381
vt 0.892181396 0.586654603
vt 0.887878418 0.576850891
vt 0.874191284 0.547424376
vt 0.879333377 0.557548523
vt 0.0597686805 0.557266295
vt 0.0688247681 0.580543518
vt 0.0620298497 0.592002928
vt 0.0519180298 0.576431215
vt 0.0565509908 0.606041014
vt 0.0454549789 0.593231201
vt 0.883712828 0.567245483
vt 0.878601074 0.582557619
vt 0.874221802 0.599197388
vt 0.740356505 0.64779681
vt 0.7449646 0.635551512
vt 0.614776611 0.697380126
vt 0.613586485 0.718795776
vt 0.595306516 0.722145021
vt 0.596603394 0.700202882
vt 0.57673651 0.724746704
vt 0.577682495 0.702575624
vt 0.558746397 0.660255492
vt 0.558410704 0.682403505
vt 0.579803526 0.658653319
vt 0.578842223 0.680664122
vt 0.558181822 0.704567015
vt 0.598159909 0.678489685
vt 0.616500914 0.675979614
vt 0.599472106 0.656761229
vt 0.633865416 0.672790527
vt 0.632476687 0.693939209
vt 0.557922423 0.726959229
vt 0.631362915 0.714881897
vt 0.601822019 0.192428604
vt 0.603271484 0.169372603
vt 0.630645812 0.176361099
vt 0.628509521 0.198806807
vt 0.603622615 0.144134507
vt 0.632995486 0.154571503
vt 0.657013118 0.162506104
vt 0.655548215 0.184051499
vt 0.653701782 0.206115693
vt 0.769119322 0.235336304
vt 0.784179688 0.243652299
vt 0.767791808 0.216659501
vt 0.782531679 0.225280806
vt 0.796737611 0.236145005
vt 0.799407899 0.254806489
vt 0.764938295 0.176498398
vt 0.766601503 0.197341904
vt 0.749526978 0.186874405
vt 0.747863829 0.166564897
vt 0.751327515 0.207107604
vt 0.733993471 0.196456894
vt 0.7318573 0.176117003
vt 0.730255187 0.1558685
vt 0.753143311 0.227081299
vt 0.736221313 0.217041001
vt 0.617584288 0.1246491
vt 0.638382018 0.133727998
vt 0.625396788 0.106414802
vt 0.642898619 0.114211999
vt 0.660766721 0.121139497
vt 0.659469724 0.141372696
vt 0.716171205 0.187057495
vt 0.714370728 0.166366607
vt 0.697311521 0.178131104
vt 0.696334779 0.157074004
vt 0.695068419 0.136352494
vt 0.712737978 0.145675704
vt 0.718597412 0.228714004
vt 0.717880189 0.207946807
vt 0.697754025 0.220992997
vt 0.698196471 0.199661195
vt 0.677719176 0.191543594
vt 0.676498413 0.213256896
vt 0.67805481 0.170074493
vt 0.678314209 0.148834199
vt 0.677810729 0.128326401
vt 0.728744388 0.134231597
vt 0.711120605 0.124328598
vt 0.694091916 0.115692101
vt 0.817230225 0.143737793
vt 0.820449829 0.170623794
vt 0.807220519 0.160873398
vt 0.806411803 0.138351396
vt 0.794158876 0.152236998
vt 0.793273926 0.130340606
vt 0.816116393 0.209945694
vt 0.817336977 0.230987594
vt 0.806930482 0.224014297
vt 0.805603027 0.202545196
vt 0.819778383 0.249740601
vt 0.809432983 0.244689897
vt 0.794479311 0.216262802
vt 0.793518126 0.195114106
vt 0.824554503 0.280059814
vt 0.814361572 0.27772519
vt 0.812103212 0.26133731
vt 0.822357118 0.264831603
vt 0.764404297 0.133682206
vt 0.764144897 0.155136093
vt 0.746887088 0.144836396
vt 0.747070313 0.123504601
vt 0.747283876 0.103912301
vt 0.763885498 0.113174401
vt 0.780105591 0.143188506
vt 0.779052794 0.121917702
vt 0.77961719 0.186065704
vt 0.779952884 0.164886504
vt 0.794021606 0.174408004
vt 0.806594789 0.181945801
vt 0.817733824 0.190643296
vt 0.780807376 0.206542999
vt 0.544403076 0.1354523
vt 0.572814882 0.139495894
vt 0.574539185 0.162780806
vt 0.545272827 0.159057602
vt 0.573654175 0.186706603
vt 0.544952512 0.183181807
vt 0.598907471 0.0571899489
vt 0.5962677 0.0399169885
vt 0.611877382 0.0435333289
vt 0.61390692 0.0610504188
vt 0.581481874 0.0367736816
vt 0.584152222 0.0547485389
vt 0.565567017 0.0350036584
vt 0.568481505 0.0530242994
vt 0.586425781 0.074035652
vt 0.572174013 0.0746917799
vt 0.59992981 0.0748748928
vt 0.600479186 0.0879058763
vt 0.591262817 0.092193611
vt 0.578002989 0.0954742432
vt 0.614074707 0.0797424391
vt 0.610366821 0.0965576321
vt 0.628616393 0.0866394117
vt 0.587616026 0.116745003
vt 0.602096617 0.109817497
vt 0.515487611 0.181716904
vt 0.515136719 0.157348603
vt 0.485992402 0.1822052
vt 0.485183686 0.157562301
vt 0.485015899 0.133987397
vt 0.514801085 0.133865401
vt 0.529922485 0.0493316688
vt 0.50692749 0.0490570106
vt 0.504776001 0.0308837909
vt 0.527618408 0.0314636193
vt 0.483665496 0.0490112305
vt 0.481262207 0.0301055908
vt 0.550567687 0.0509185791
vt 0.547622681 0.0329742394
vt 0.538146973 0.0921020508
vt 0.534683228 0.0717620775
vt 0.554824889 0.0735778883
vt 0.560409486 0.0943756104
vt 0.510894775 0.0709076002
vt 0.484901488 0.0702514723
vt 0.511886597 0.0908966064
vt 0.484054595 0.0910491869
vt 0.484672606 0.112121597
vt 0.513046324 0.1117706
vt 0.542053223 0.112991303
vt 0.567581177 0.116088897
vt 0.678741515 0.0871887282
vt 0.67805481 0.0685882568
vt 0.658538818 0.439529389
vt 0.659744322 0.417205811
vt 0.66116339 0.394058287
vt 0.644897521 0.0939636305
vt 0.661224425 0.100936897
vt 0.8565979 0.476867706
vt 0.677353024 0.107955903
vt 0.565429688 0.414291412
vt 0.540771484 0.414398193
vt 0.540893614 0.388503999
vt 0.565963686 0.388702393
vt 0.515884399 0.415023804
vt 0.515609682 0.389053404
vt 0.490829498 0.415817291
vt 0.490234405 0.389755309
vt 0.608841002 0.483200103
vt 0.60647577 0.505142212
vt 0.583908021 0.505119324
vt 0.631881714 0.48336789
vt 0.628936827 0.505485475
vt 0.610717773 0.460967988
vt 0.633926511 0.461166412
vt 0.56124872 0.505661011
vt 0.874938905 0.670440674
vt 0.865219116 0.687171996
vt 0.843276978 0.724105775
vt 0.854507506 0.705818176
vt 0.818008423 0.762626588
vt 0.831115782 0.743835509
vt 0.521087587 0.932119429
vt 0.664382994 0.898958087
vt 0.805007875 0.780994415
vt 0.789215088 0.800457001
vt 0.620895386 0.590377688
vt 0.601165771 0.591392517
vt 0.60041821 0.613372803
vt 0.803710997 0.389053404
vt 0.824447572 0.395965606
vt 0.773590088 0.818328917
vt 0.599975586 0.635238588
vt 0.580001771 0.636749208
vt 0.160491899 0.389541686
vt 0.158401504 0.410858214
vt 0.143848404 0.411239594
vt 0.1474953 0.391845703
vt 0.156963304 0.437347412
vt 0.1396752 0.429946899
vt 0.133235902 0.424270689
vt 0.136764497 0.408508301
vt 0.140346497 0.392684907
vt 0.167167693 0.353271514
vt 0.1638107 0.370513886
vt 0.151561797 0.374603301
vt 0.155471802 0.358337402
vt 0.144092605 0.3775177
vt 0.147914901 0.363143891
vt 0.180458099 0.289215088
vt 0.177879304 0.305954009
vt 0.165573105 0.314773589
vt 0.168483704 0.298980713
vt 0.175071701 0.321289092
vt 0.162853196 0.330154389
vt 0.154037505 0.337600708
vt 0.156764999 0.323760986
vt 0.159305602 0.308349609
vt 0.159282699 0.34451291
vt 0.171249405 0.337738007
vt 0.151309997 0.350082397
vt 0.486847013 0.229537904
vt 0.48789221 0.254364014
vt 0.460105896 0.255783111
vt 0.458862305 0.230926499
vt 0.488380402 0.280425996
vt 0.461296111 0.281646699
vt 0.434883088 0.283752412
vt 0.433288515 0.258377105
vt 0.431144714 0.234039307
vt 0.488975614 0.307617188
vt 0.462287903 0.308746308
vt 0.488990813 0.335159302
vt 0.463073701 0.3364411
vt 0.437393188 0.338317901
vt 0.436164886 0.310836792
vt 0.489646912 0.362686187
vt 0.464149505 0.363769501
vt 0.464790314 0.390625
vt 0.439704895 0.39175421
vt 0.438392609 0.365432709
vt 0.429046601 0.210632294
vt 0.457626313 0.207427993
vt 0.427329987 0.187271103
vt 0.456634611 0.183670104
vt 0.486427307 0.205566406
vt 0.383117706 0.2919617
vt 0.358322114 0.297363311
vt 0.356033415 0.274398804
vt 0.381370515 0.268051088
vt 0.334228486 0.303344697
vt 0.331268311 0.281234711
vt 0.327667296 0.259933501
vt 0.352745086 0.252319306
vt 0.378883392 0.245056197
vt 0.386238098 0.343521088
vt 0.361610413 0.347427398
vt 0.359901488 0.321868896
vt 0.38457489 0.317306489
vt 0.337860107 0.351760894
vt 0.335960388 0.327056915
vt 0.390205413 0.395690888
vt 0.366653502 0.398361206
vt 0.364021301 0.373092711
vt 0.388160706 0.3698273
vt 0.343688905 0.401382387
vt 0.34059909 0.376800597
vt 0.348945588 0.230468795
vt 0.375198305 0.222641006
vt 0.324234009 0.238632202
vt 0.32107541 0.217010498
vt 0.345588714 0.208480805
vt 0.371704102 0.200195298
vt 0.413101196 0.367355406
vt 0.411666811 0.340560913
vt 0.414649993 0.393463105
vt 0.410079986 0.313659698
vt 0.408538789 0.287445098
vt 0.406677306 0.262756288
vt 0.404708892 0.238952607
vt 0.401893586 0.2158508
vt 0.399139404 0.192718506
vt 0.246723205 0.371872008
vt 0.249042496 0.393631011
vt 0.227321595 0.39768979
vt 0.225078598 0.376327515
vt 0.252723694 0.415481597
vt 0.231010497 0.4193573
vt 0.207431793 0.42401129
vt 0.2041969 0.402389497
vt 0.203666702 0.381897002
vt 0.184989899 0.367553711
vt 0.183486998 0.387054414
vt 0.187709793 0.34967041
vt 0.205379501 0.343307495
vt 0.204361007 0.362106293
vt 0.244983703 0.330047607
vt 0.245655105 0.350479186
vt 0.224609405 0.356109589
vt 0.224453002 0.336502105
vt 0.193279296 0.299163789
vt 0.191890702 0.316070586
vt 0.194232896 0.2816315
vt 0.209240004 0.27217111
vt 0.208377898 0.290267915
vt 0.207427993 0.307723999
vt 0.189300597 0.332473814
vt 0.206233993 0.325515807
vt 0.242019698 0.291519195
vt 0.243583694 0.310623199
vt 0.2239189 0.317718506
vt 0.223827407 0.299682587
vt 0.224189803 0.281097412
vt 0.224453002 0.262466401
vt 0.240447998 0.253143311
vt 0.240894303 0.272506714
vt 0.184432998 0.429733306
vt 0.182666793 0.408340394
vt 0.411376894 0.620071411
vt 0.432632506 0.620117188
vt 0.433860809 0.64214319
vt 0.412582397 0.641792417
vt 0.454360992 0.619895995
vt 0.455337614 0.64213562
vt 0.456245512 0.66418457
vt 0.435112 0.664054871
vt 0.414024413 0.663765013
vt 0.305999786 0.617561519
vt 0.309944212 0.636032104
vt 0.295066804 0.634399414
vt 0.290489197 0.616729796
vt 0.313163698 0.65460968
vt 0.298988312 0.65221411
vt 0.285415709 0.650062621
vt 0.280906707 0.633087218
vt 0.275489807 0.616142273
vt 0.337287903 0.619308472
vt 0.340316713 0.639091611
vt 0.325004607 0.63759619
vt 0.321510285 0.618492186
vt 0.342826813 0.658622921
vt 0.327804595 0.656715512
vt 0.330024689 0.577743471
vt 0.333816588 0.598548889
vt 0.317337006 0.598465025
vt 0.312545806 0.578407288
vt 0.301124513 0.59828949
vt 0.295814514 0.57912451
vt 0.367126405 0.576690614
vt 0.38734439 0.576210022
vt 0.389350891 0.598052979
vt 0.3697052 0.598274171
vt 0.408348113 0.575973392
vt 0.409889311 0.597801328
vt 0.39112851 0.620048523
vt 0.372215301 0.619812071
vt 0.392623901 0.641616821
vt 0.394577086 0.663093626
vt 0.376098603 0.662063599
vt 0.374168396 0.641014218
vt 0.358772308 0.660499573
vt 0.356636107 0.640319824
vt 0.354377806 0.619651914
vt 0.351471007 0.598449826
vt 0.348228395 0.577064514
vt 0.452072114 0.575920105
vt 0.453323394 0.598114073
vt 0.431480408 0.597923279
vt 0.430213988 0.576042175
vt 0.473365813 0.575416625
vt 0.474350005 0.597801328
vt 0.475189209 0.619674623
vt 0.476005614 0.642051816
vt 0.476837188 0.664253175
vt 0.142024994 0.455413908
vt 0.134605393 0.44607541
vt 0.134227693 0.470535308
vt 0.129642501 0.461013794
vt 0.126365706 0.452179015
vt 0.129802704 0.438400298
vt 0.244972199 0.690551877
vt 0.234161407 0.681953371
vt 0.239967406 0.671173096
vt 0.248664901 0.678977907
vt 0.223503098 0.671966612
vt 0.231327102 0.661911011
vt 0.240226805 0.654510617
vt 0.246787995 0.664230287
vt 0.251304597 0.672149718
vt 0.202854201 0.647827327
vt 0.211608902 0.637977481
vt 0.221786499 0.650772214
vt 0.213115707 0.660591185
vt 0.221954301 0.629768372
vt 0.231594101 0.642929077
vt 0.192329407 0.633445799
vt 0.201480895 0.623840392
vt 0.181964904 0.61806488
vt 0.191616103 0.608657777
vt 0.203300506 0.600242615
vt 0.212467194 0.615447998
vt 0.282432586 0.275466889
vt 0.285125703 0.295913696
vt 0.26374051 0.30329901
vt 0.261650085 0.283493012
vt 0.287681609 0.316665709
vt 0.265670806 0.323501587
vt 0.278373688 0.234588593
vt 0.280044585 0.255325288
vt 0.259895414 0.263717711
vt 0.258674592 0.243713394
vt 0.307601988 0.288528413
vt 0.304252714 0.267623901
vt 0.310653687 0.309921294
vt 0.301322907 0.246841401
vt 0.299079895 0.225799605
vt 0.267745912 0.632408082
vt 0.261177003 0.616165221
vt 0.273506105 0.648651183
vt 0.262359589 0.648353577
vt 0.255577087 0.633155823
vt 0.247749299 0.617851317
vt 0.243217498 0.636741579
vt 0.251014709 0.650093079
vt 0.234359697 0.622665405
vt 0.217376694 0.59336102
vt 0.225715607 0.608337402
vt 0.2327995 0.587928772
vt 0.240291595 0.603126585
vt 0.298187286 0.407974213
vt 0.275535613 0.4115448
vt 0.271987885 0.389053404
vt 0.294975311 0.384719908
vt 0.268981904 0.366455108
vt 0.291992188 0.36126709
vt 0.320861906 0.404556304
vt 0.317748994 0.380706787
vt 0.314689606 0.356460601
vt 0.289871305 0.338546693
vt 0.267051697 0.344543487
vt 0.312538087 0.332733214
vt 0.28515619 0.598457396
vt 0.279319793 0.580032289
vt 0.26978299 0.598846614
vt 0.263702393 0.581352174
vt 0.254707307 0.600151122
vt 0.248054504 0.583816588
vt 0.361595213 0.535209596
vt 0.383125305 0.533935487
vt 0.385406494 0.554870605
vt 0.364624113 0.555931091
vt 0.404945403 0.532653689
vt 0.406868011 0.554191589
vt 0.448928803 0.531486511
vt 0.450523406 0.553779602
vt 0.428718597 0.55393219
vt 0.426803589 0.531967103
vt 0.1824608 0.593093872
vt 0.194702104 0.584770083
vt 0.172489196 0.602249086
vt 0.163516998 0.586120605
vt 0.173820496 0.577186584
vt 0.186008498 0.568595886
vt 0.209194198 0.577354491
vt 0.225192994 0.571434021
vt 0.200927705 0.560539186
vt 0.217205107 0.553977907
vt 0.344604492 0.556976318
vt 0.340560913 0.536758423
vt 0.325592011 0.557869017
vt 0.320709288 0.538032472
vt 0.307380706 0.559127808
vt 0.301757813 0.539733827
vt 0.290153503 0.5603562
vt 0.284118712 0.541412413
vt 0.273261994 0.562011719
vt 0.266700715 0.543487489
vt 0.257148713 0.563964784
vt 0.250122011 0.545974672
vt 0.241065994 0.567024291
vt 0.233528197 0.549400389
vt 0.472305298 0.553260803
vt 0.471229613 0.530609071
vt 0.128574401 0.484375
vt 0.125289902 0.47354129
vt 0.123758301 0.496307403
vt 0.121347398 0.484909087
vt 0.119739503 0.473816007
vt 0.123006798 0.463531494
vt 0.348136902 0.447601289
vt 0.345840514 0.424789399
vt 0.36894989 0.422531188
vt 0.371162415 0.445892304
vt 0.392364502 0.420593292
vt 0.394592285 0.444290191
vt 0.220916703 0.465667695
vt 0.213493407 0.4450683
vt 0.235454604 0.440353394
vt 0.240802795 0.461120605
vt 0.256744415 0.436813414
vt 0.261161804 0.457794189
vt 0.180301696 0.478591889
vt 0.171001405 0.459365785
vt 0.190715805 0.450836211
vt 0.200096101 0.471282989
vt 0.152084395 0.499160707
vt 0.141620606 0.483337402
vt 0.154655501 0.470504791
vt 0.165172607 0.488601714
vt 0.278862 0.433410615
vt 0.282341003 0.454879791
vt 0.300918609 0.430465698
vt 0.303718597 0.452209502
vt 0.323356599 0.427475005
vt 0.325775206 0.449859589
vt 0.133544907 0.522857606
vt 0.127578795 0.509231508
vt 0.133670807 0.496368408
vt 0.141315505 0.510505676
vt 0.416366607 0.418868989
vt 0.41822809 0.443069398
vt 0.440879911 0.417495698
vt 0.442283601 0.442092896
vt 0.465660095 0.416488588
vt 0.466590911 0.441177309
vt 0.399284393 0.488845915
vt 0.402030885 0.510749817
vt 0.379753113 0.512390077
vt 0.376327515 0.490386903
vt 0.357620299 0.513839722
vt 0.353912413 0.491912812
vt 0.350723296 0.469848603
vt 0.373550385 0.468338013
vt 0.39691931 0.466934204
vt 0.44556421 0.486679107
vt 0.447212189 0.509025574
vt 0.424804688 0.509887695
vt 0.422248811 0.48777771
vt 0.271308899 0.499862701
vt 0.277565002 0.520927429
vt 0.259803802 0.523620605
vt 0.2528916 0.50277698
vt 0.242526993 0.526443422
vt 0.234787002 0.506133974
vt 0.227699295 0.485916108
vt 0.246570602 0.482009888
vt 0.265899688 0.478851408
vt 0.225288406 0.530586183
vt 0.216873199 0.511001587
vt 0.208652496 0.535766602
vt 0.199581102 0.516982973
vt 0.190044403 0.497909606
vt 0.208629593 0.491073608
vt 0.192100495 0.542945802
vt 0.183048204 0.524963319
vt 0.1772919 0.55153662
vt 0.168655396 0.534126282
vt 0.160434693 0.516548216
vt 0.173915893 0.506790221
vt 0.310584992 0.495071411
vt 0.315414399 0.516845703
vt 0.295776397 0.518890381
vt 0.290374786 0.497375488
vt 0.286018401 0.476089507
vt 0.30683139 0.473648101
vt 0.335960388 0.515487611
vt 0.331726015 0.493560791
vt 0.328437805 0.471679688
vt 0.165142 0.560668886
vt 0.157184601 0.543777525
vt 0.155284896 0.569969177
vt 0.147533402 0.55367291
vt 0.140861496 0.537811279
vt 0.149600998 0.526863098
vt 0.420165986 0.465789795
vt 0.443954408 0.464813292
vt 0.467712402 0.463775605
vt 0.4688797 0.485794097
vt 0.469993591 0.508102477
vt 0.32471469 0.0676574782
vt 0.340049714 0.0571136512
vt 0.339706391 0.0763397291
vt 0.323700011 0.0833587572
vt 0.307121307 0.0715179518
vt 0.308769196 0.0912933424
vt 0.27696991 0.1083069
vt 0.262184113 0.118560798
vt 0.260826111 0.100555398
vt 0.275779694 0.0898742825
vt 0.244674698 0.128875703
vt 0.243797302 0.110168502
vt 0.293571502 0.0830230713
vt 0.293373108 0.0989837572
vt 0.34577179 0.115447998
vt 0.329544097 0.125305206
vt 0.327278107 0.1062622
vt 0.34085089 0.0958862305
vt 0.310913086 0.131759599
vt 0.310302705 0.111984298
vt 0.294998199 0.121261597
vt 0.279304504 0.1300354
vt 0.29599759 0.142105103
vt 0.278839111 0.1495056
vt 0.458236694 0.708648622
vt 0.457275391 0.686386108
vt 0.477485687 0.686416686
vt 0.478179902 0.708801329
vt 0.315628111 0.67338562
vt 0.301834106 0.670326293
vt 0.317497313 0.692421019
vt 0.303848296 0.688575804
vt 0.291213989 0.684577882
vt 0.288902313 0.667465329
vt 0.34526819 0.678825378
vt 0.329940796 0.676239014
vt 0.347290009 0.699043274
vt 0.331825286 0.695892513
vt 0.268379211 0.706192017
vt 0.256500214 0.698654175
vt 0.258636385 0.685546875
vt 0.269493103 0.691291809
vt 0.258880585 0.67388922
vt 0.269233704 0.677482724
vt 0.478759795 0.731246889
vt 0.458869904 0.730995178
vt 0.479332 0.754016876
vt 0.459617615 0.753749788
vt 0.280738801 0.696464598
vt 0.28036499 0.712768495
vt 0.279823303 0.68095392
vt 0.29246521 0.701393127
vt 0.292869598 0.718780518
vt 0.320449889 0.730560422
vt 0.306312591 0.724861205
vt 0.305107087 0.706359804
vt 0.318939209 0.711151123
vt 0.349311888 0.719337404
vt 0.333725005 0.715461791
vt 0.351669312 0.740112424
vt 0.335601807 0.735595822
vt 0.277557403 0.665046811
vt 0.266960114 0.663238525
vt 0.256256104 0.66230011
vt 0.381629914 0.704361022
vt 0.399795592 0.70603168
vt 0.402351409 0.72782141
vt 0.384208709 0.725578189
vt 0.418624908 0.707305908
vt 0.421035796 0.729309022
vt 0.423179597 0.75176239
vt 0.404830992 0.749855101
vt 0.386695892 0.74723053
vt 0.436584413 0.686149597
vt 0.438156098 0.708198488
vt 0.416191101 0.685546875
vt 0.378715485 0.683029175
vt 0.39704141 0.684455872
vt 0.361419708 0.68120569
vt 0.364067107 0.702049196
vt 0.439682007 0.730377078
vt 0.441223115 0.752967775
vt 0.366363615 0.722839296
vt 0.368682891 0.744140685
vt 0.342658997 0.186569199
vt 0.369316101 0.177108794
vt 0.318199098 0.195053101
vt 0.316986114 0.173812896
vt 0.339767486 0.1650085
vt 0.368812591 0.151626602
vt 0.195476502 0.263915986
vt 0.210002899 0.253677398
vt 0.1822014 0.272888213
vt 0.183574706 0.255600005
vt 0.1965179 0.245407104
vt 0.211303696 0.235336304
vt 0.212760895 0.1948089
vt 0.228786498 0.183944702
vt 0.227973893 0.204147294
vt 0.212169707 0.215530396
vt 0.245586395 0.171493605
vt 0.244461104 0.192581207
vt 0.243053496 0.213104203
vt 0.226669297 0.2237854
vt 0.225421906 0.243438706
vt 0.241573304 0.2328033
vt 0.33392331 0.144058198
vt 0.3542099 0.133651704
vt 0.313957214 0.152694702
vt 0.261535615 0.181381196
vt 0.260070801 0.201889098
vt 0.262435913 0.161438003
vt 0.278579712 0.170852706
vt 0.278312713 0.192245498
vt 0.258659393 0.223083496
vt 0.277496308 0.213195801
vt 0.296959013 0.2043152
vt 0.296150208 0.1825867
vt 0.295837402 0.161315903
vt 0.262558013 0.139846802
vt 0.245971695 0.150985703
vt 0.170810699 0.158432007
vt 0.183471695 0.1509552
vt 0.184020996 0.1723786
vt 0.172492996 0.182266295
vt 0.160602599 0.1640625
vt 0.160076201 0.192855805
vt 0.165096298 0.233459502
vt 0.174293503 0.224533096
vt 0.173545897 0.245483398
vt 0.164977998 0.25340271
vt 0.185211197 0.215728804
vt 0.184715301 0.236007705
vt 0.172164902 0.264633209
vt 0.163215697 0.273376405
vt 0.161312103 0.291870087
vt 0.170444503 0.28213501
vt 0.212039903 0.152038604
vt 0.228549898 0.1407471
vt 0.228927597 0.162384003
vt 0.212909698 0.173904404
vt 0.227588594 0.121459998
vt 0.211486802 0.131897002
vt 0.196781203 0.141494796
vt 0.1977005 0.162399307
vt 0.185119599 0.194549501
vt 0.1980858 0.184310898
vt 0.198181197 0.205856293
vt 0.173591599 0.203826904
vt 0.164005294 0.214340195
vt 0.197845504 0.226394594
vt 0.425941497 0.139450103
vt 0.425849915 0.163070694
vt 0.397422791 0.168869004
vt 0.3985672 0.145111099
vt 0.369110107 0.0649414137
vt 0.355995208 0.0708618164
vt 0.355857909 0.0527343899
vt 0.371620208 0.0479278602
vt 0.401977509 0.0400695801
vt 0.401229888 0.0594024695
vt 0.385772705 0.0618743896
vt 0.387970001 0.0442199707
vt 0.397949189 0.0800781325
vt 0.3828049 0.0808105469
vt 0.392150909 0.101577803
vt 0.378822297 0.0995025635
vt 0.370651305 0.0962677076
vt 0.370323211 0.0833892822
vt 0.360702515 0.104598999
vt 0.357544005 0.0896148831
vt 0.369003296 0.117218003
vt 0.383140594 0.1240234
vt 0.455924988 0.159378096
vt 0.455215514 0.135818496
vt 0.436035186 0.0523529202
vt 0.440551788 0.035064701
vt 0.460823089 0.0315704308
vt 0.459968597 0.0493621789
vt 0.419898987 0.0378112793
vt 0.417282104 0.0566406287
vt 0.431922913 0.0953979567
vt 0.409835905 0.0995178297
vt 0.415138215 0.0782776028
vt 0.435127288 0.0753479227
vt 0.458465606 0.071609512
vt 0.457603514 0.0931549072
vt 0.455818206 0.113357499
vt 0.428161591 0.116897598
vt 0.403717011 0.1220093
vt 0.83718878 0.372879088
vt 0.842025816 0.391799897
vt 0.84803772 0.369247407
vt 0.85256958 0.384719908
vt 0.827026427 0.339752197
vt 0.831832886 0.354736388
vt 0.837432921 0.336166412
vt 0.842483521 0.351715088
vt 0.816223085 0.293777496
vt 0.827453613 0.295974702
vt 0.83026129 0.310134888
vt 0.819244325 0.310806304
vt 0.822845519 0.325744599
vt 0.129352599 0.645591915
vt 0.132587403 0.635864317
vt 0.141326904 0.652664185
vt 0.137584701 0.662239015
vt 0.136512697 0.626075685
vt 0.145179704 0.642662108
vt 0.154773697 0.659133911
vt 0.150425002 0.669540524
vt 0.1466102 0.679344177
vt 0.833572507 0.323806792
vt 0.515564024 0.229003906
vt 0.515182495 0.253768891
vt 0.542419493 0.254776001
vt 0.541702271 0.280319214
vt 0.51486212 0.279785186
vt 0.514831483 0.307281494
vt 0.541381776 0.307418913
vt 0.541046202 0.335067689
vt 0.515182495 0.334899902
vt 0.515243471 0.362167388
vt 0.541061521 0.362075806
vt 0.515136719 0.205352798
vt 0.59387207 0.285171509
vt 0.594680786 0.261016786
vt 0.620437622 0.265655488
vt 0.618911803 0.288833588
vt 0.622848511 0.243240401
vt 0.648635924 0.249298096
vt 0.645614624 0.271118104
vt 0.592605591 0.33694461
vt 0.593322873 0.310623199
vt 0.61831671 0.313705415
vt 0.617645323 0.339279205
vt 0.591888487 0.363555908
vt 0.61630249 0.365234405
vt 0.640014708 0.367462188
vt 0.625595212 0.221054107
vt 0.651229918 0.227813706
vt 0.567062378 0.335662812
vt 0.566635072 0.36239621
vt 0.568038881 0.282195985
vt 0.567382813 0.30859381
vt 0.56892401 0.257263213
vt 0.176723495 0.692421019
vt 0.171684295 0.703239381
vt 0.161060303 0.686920226
vt 0.165321305 0.676078677
vt 0.167632997 0.712432802
vt 0.156993896 0.696014524
vt 0.484565705 0.867240906
vt 0.483818114 0.846088409
vt 0.485145599 0.887607515
vt 0.467399597 0.886814117
vt 0.466919005 0.86637491
vt 0.465858489 0.84532553
vt 0.182701096 0.72000879
vt 0.179874405 0.730430603
vt 0.187702194 0.707962096
vt 0.199699402 0.723091185
vt 0.194675401 0.735961914
vt 0.1925392 0.746894777
vt 0.2263107 0.751159728
vt 0.221458405 0.765376985
vt 0.207431793 0.750209689
vt 0.212646499 0.73714447
vt 0.220413193 0.778011322
vt 0.204818696 0.7627334
vt 0.241390198 0.765190125
vt 0.238170594 0.78074652
vt 0.258132905 0.778186798
vt 0.254692107 0.794502318
vt 0.253333986 0.809768677
vt 0.236911803 0.793945313
vt 0.273803711 0.788402617
vt 0.271728486 0.806007385
vt 0.289558411 0.797943115
vt 0.289009094 0.816585481
vt 0.288665712 0.832881987
vt 0.271240205 0.821163177
vt 0.306747407 0.807220519
vt 0.30682379 0.826694489
vt 0.324394286 0.814838409
vt 0.325286895 0.834449828
vt 0.325584412 0.852539122
vt 0.306884795 0.843486905
vt 0.342201293 0.821811676
vt 0.343696594 0.84210968
vt 0.360023499 0.828014374
vt 0.361541688 0.848503172
vt 0.362930298 0.867576718
vt 0.344940186 0.860660613
vt 0.377410889 0.83316052
vt 0.378845215 0.853767514
vt 0.395217896 0.836971223
vt 0.396179199 0.858257294
vt 0.397438109 0.877735198
vt 0.380111694 0.873012602
vt 0.449401885 0.865322173
vt 0.448348999 0.844184875
vt 0.450180113 0.885749817
vt 0.433166504 0.884195387
vt 0.432067901 0.863704681
vt 0.430732697 0.842533112
vt 0.413146913 0.840091825
vt 0.414329499 0.861351013
vt 0.415176392 0.881641388
vt 0.125854507 0.654762328
vt 0.133975998 0.671455383
vt 0.143218994 0.688613892
vt 0.164836898 0.72165668
vt 0.153545395 0.704788089
vt 0.485900909 0.905031204
vt 0.468284607 0.904190123
vt 0.178977996 0.740768492
vt 0.191978499 0.758369505
vt 0.205478698 0.777126372
vt 0.221214294 0.791114688
vt 0.237514496 0.808891416
vt 0.254745513 0.824894011
vt 0.271903992 0.835144103
vt 0.289459288 0.848697722
vt 0.307723999 0.85918051
vt 0.327087402 0.868549407
vt 0.346366912 0.87745291
vt 0.364692688 0.883987427
vt 0.382095397 0.889980316
vt 0.399604797 0.894489288
vt 0.451599091 0.902305603
vt 0.434562713 0.900713027
vt 0.416877806 0.898101807
vt 0.32233429 0.751644075
vt 0.307052612 0.745216429
vt 0.323623687 0.773349822
vt 0.307060212 0.766456604
vt 0.291175812 0.758453429
vt 0.292304993 0.738327086
vt 0.205474898 0.672073305
vt 0.194755495 0.658805907
vt 0.216362 0.683868527
vt 0.209964797 0.696159422
vt 0.198772401 0.683517516
vt 0.187347397 0.669860899
vt 0.252754211 0.714004517
vt 0.239746094 0.704482973
vt 0.265830994 0.722877383
vt 0.262367189 0.740814209
vt 0.248374999 0.730476379
vt 0.234565705 0.719535828
vt 0.221717805 0.708168089
vt 0.227687895 0.694503784
vt 0.183952302 0.643981993
vt 0.176303893 0.65460968
vt 0.165966004 0.638679385
vt 0.1734543 0.628173828
vt 0.181503296 0.68082428
vt 0.170120299 0.665168822
vt 0.159736603 0.648880124
vt 0.204875901 0.709014893
vt 0.217273697 0.72266382
vt 0.230571702 0.735069275
vt 0.193073303 0.695129514
vt 0.260032713 0.759571075
vt 0.244941697 0.747711182
vt 0.290351897 0.778076172
vt 0.274894714 0.769340515
vt 0.27645871 0.749931276
vt 0.323646605 0.794570923
vt 0.306625396 0.78686142
vt 0.356529295 0.784626007
vt 0.358245909 0.806755126
vt 0.3409805 0.801063478
vt 0.339866608 0.779308319
vt 0.392364502 0.792373478
vt 0.393882811 0.815155089
vt 0.375945985 0.811408997
vt 0.374381989 0.788742125
vt 0.278816313 0.730979919
vt 0.337814391 0.757221222
vt 0.354263306 0.76210779
vt 0.371666014 0.76632309
vt 0.389679015 0.769596219
vt 0.480255187 0.777431488
vt 0.481636107 0.800678194
vt 0.462692291 0.800270021
vt 0.460990906 0.777126372
vt 0.427429199 0.79776001
vt 0.42528531 0.774684787
vt 0.442871094 0.776165009
vt 0.444717407 0.799346924
vt 0.464325011 0.823261321
vt 0.482902586 0.823593199
vt 0.446640015 0.822360992
vt 0.42918399 0.820705414
vt 0.4115448 0.818409026
vt 0.410034209 0.795383394
vt 0.407608002 0.77243799
vt 0.141685501 0.616043091
vt 0.150184602 0.632591188
vt 0.147960693 0.605956972
vt 0.156318694 0.6223526
vt 0.163707703 0.612068176
vt 0.155056 0.595741272
vt 0.118722901 0.638656616
vt 0.121942498 0.62928009
vt 0.112722397 0.62322998
vt 0.115711197 0.613494873
vt 0.120149598 0.507080078
vt 0.117864601 0.493927002
vt 0.116813697 0.516853273
vt 0.114824302 0.503349304
vt 0.113319397 0.491149902
vt 0.116474099 0.482544005
vt 0.0950927734 0.527694702
vt 0.0970115736 0.541114807
vt 0.0911960676 0.550476074
vt 0.0888309628 0.537559509
vt 0.0995693281 0.555000305
vt 0.0941410065 0.563323975
vt 0.0883693695 0.572395325
vt 0.0843925625 0.559196472
vt 0.0809516981 0.544723511
vt 0.112802498 0.526565611
vt 0.111166 0.512878418
vt 0.108888596 0.536018312
vt 0.1068459 0.522582889
vt 0.105459198 0.509895325
vt 0.109958701 0.50063318
vt 0.102457099 0.53163141
vt 0.104440697 0.545600891
vt 0.100696601 0.518570006
vt 0.0765590668 0.568840086
vt 0.0813789368 0.584365785
vt 0.0725155026 0.550849915
vt 0.122987799 0.544395506
vt 0.1193657 0.530601382
vt 0.123527497 0.5206604
vt 0.128105193 0.533966124
vt 0.102270097 0.568649292
vt 0.0972995907 0.577339172
vt 0.105377197 0.582832277
vt 0.1018143 0.59223932
vt 0.093030937 0.587158203
vt 0.0864296034 0.599739075
vt 0.114139602 0.56427002
vt 0.109663002 0.573936522
vt 0.106901199 0.559646606
vt 0.111217499 0.550208986
vt 0.118730597 0.554489195
vt 0.115365997 0.540466428
vt 0.146949798 0.579452515
vt 0.139953598 0.563407898
vt 0.140445694 0.589561522
vt 0.133613601 0.573257387
vt 0.128055602 0.558448911
vt 0.133525804 0.548317015
vt 0.134471893 0.599769711
vt 0.128169999 0.58392328
vt 0.129119903 0.609664917
vt 0.123136498 0.5941239
vt 0.106969804 0.607948303
vt 0.110145599 0.598159909
vt 0.117988601 0.57888031
vt 0.122873299 0.56867969
vt 0.118776299 0.603759825
vt 0.113525398 0.588676512
vt 0.125110596 0.61945349
vt 0.695068419 0.26222229
vt 0.716644228 0.268890411
vt 0.715118408 0.289047211
vt 0.692855895 0.282821715
vt 0.654296875 0.483474702
vt 0.650939882 0.505615175
vt 0.713806212 0.309463501
vt 0.718063414 0.2489319
vt 0.696578979 0.241592407
vt 0.656601012 0.461715698
vt 0.672485411 0.255706787
vt 0.669845581 0.276702911
vt 0.67477423 0.234649599
vt 0.726760805 0.618591428
vt 0.73941052 0.618804991
vt 0.752258182 0.621696472
vt 0.760635316 0.607139587
vt 0.768615723 0.592445374
vt 0.686798096 0.372787505
vt 0.71031189 0.375701904
vt 0.663467526 0.370071411
vt 0.558746397 0.638183594
vt 0.794937074 0.734680176
vt 0.781478822 0.750133514
vt 0.765991211 0.766246676
vt 0.74887079 0.780860901
vt 0.732757509 0.793704987
vt 0.716216981 0.804332793
vt 0.698852718 0.815612912
vt 0.680328429 0.824680328
vt 0.662612915 0.833587706
vt 0.644500911 0.84046942
f 3/3 2/2 1/1
f 1/1 4/4 3/3
f 4/4 1/1 5/5
f 5/5 6/6 4/4
f 9/9 8/8 7/7
f 7/7 10/10 9/9
f 10/10 7/7 11/11
f 11/11 12/12 10/10
f 14/14 11/11 13/13
f 13/13 15/15 14/14
f 16/16 12/12 11/11
f 11/11 14/14 16/16
f 19/19 18/18 17/17
f 17/17 20/20 19/19
f 22/22 21/21 18/18
f 18/18 19/19 22/22
f 23/23 22/22 19/19
f 19/19 24/24 23/23
f 24/24 19/19 20/20
f 20/20 25/25 24/24
f 26/26 4/4 6/6
f 6/6 27/27 26/26
f 28/28 3/3 4/4
f 4/4 26/26 28/28
f 23/23 28/28 26/26
f 26/26 22/22 23/23
f 22/22 26/26 27/27
f 27/27 21/21 22/22
f 31/31 30/30 29/29
f 29/29 32/32 31/31
f 33/33 16/16 14/14
f 14/14 34/34 33/33
f 34/34 14/14 15/15
f 15/15 35/35 34/34
f 32/32 29/29 36/36
f 36/36 37/37 32/32
f 40/40 39/39 38/38
f 38/38 41/41 40/40
f 43/43 42/42 39/39
f 39/39 40/40 43/43
f 44/44 43/43 40/40
f 40/40 45/45 44/44
f 45/45 40/40 41/41
f 41/41 46/46 45/45
f 49/49 48/48 47/47
f 47/47 50/50 49/49
f 41/41 38/38 48/48
f 48/48 49/49 41/41
f 46/46 41/41 49/49
f 49/49 51/51 46/46
f 51/51 49/49 50/50
f 50/50 52/52 51/51
f 55/55 54/54 53/53
f 53/53 56/56 55/55
f 58/58 57/57 54/54
f 54/54 55/55 58/58
f 59/59 58/58 55/55
f 55/55 60/60 59/59
f 60/60 55/55 56/56
f 56/56 61/61 60/60
f 62/62 56/56 53/53
f 53/53 63/63 62/62
f 64/64 61/61 56/56
f 56/56 62/62 64/64
f 65/65 64/64 62/62
f 62/62 66/66 65/65
f 66/66 62/62 63/63
f 63/63 67/67 66/66
f 69/69 68/68 65/65
f 65/65 66/66 69/69
f 71/71 70/70 68/68
f 68/68 69/69 71/71
f 72/72 71/71 69/69
f 69/69 73/73 72/72
f 73/73 69/69 66/66
f 66/66 67/67 73/73
f 76/76 75/75 74/74
f 74/74 77/77 76/76
f 79/79 78/78 75/75
f 75/75 76/76 79/79
f 82/82 81/81 80/80
f 80/80 83/83 82/82
f 85/85 84/84 81/81
f 81/81 82/82 85/85
f 86/86 79/79 76/76
f 76/76 87/87 86/86
f 87/87 76/76 77/77
f 77/77 88/88 87/87
f 89/89 85/85 82/82
f 82/82 90/90 89/89
f 90/90 82/82 83/83
f 83/83 91/91 90/90
f 93/93 92/92 70/70
f 70/70 94/94 93/93
f 96/96 95/95 92/92
f 92/92 93/93 96/96
f 97/97 81/81 84/84
f 84/84 98/98 97/97
f 99/99 80/80 81/81
f 81/81 97/97 99/99
f 100/100 96/96 93/93
f 93/93 101/101 100/100
f 101/101 93/93 94/94
f 94/94 102/102 101/101
f 103/103 99/99 97/97
f 97/97 104/104 103/103
f 105/105 60/60 61/61
f 61/61 106/106 105/105
f 107/107 59/59 60/60
f 60/60 105/105 107/107
f 104/104 97/97 98/98
f 98/98 108/108 104/104
f 111/111 110/110 109/109
f 109/109 112/112 111/111
f 114/114 113/113 110/110
f 110/110 111/111 114/114
f 115/115 107/107 105/105
f 105/105 116/116 115/115
f 116/116 105/105 106/106
f 106/106 117/117 116/116
f 118/118 114/114 111/111
f 111/111 119/119 118/118
f 119/119 111/111 112/112
f 112/112 120/120 119/119
f 123/123 122/122 121/121
f 121/121 124/124 123/123
f 126/126 125/125 122/122
f 122/122 123/123 126/126
f 129/129 128/128 127/127
f 127/127 130/130 129/129
f 131/131 126/126 123/123
f 123/123 132/132 131/131
f 132/132 123/123 124/124
f 124/124 133/133 132/132
f 114/114 118/118 128/128
f 128/128 129/129 114/114
f 134/134 51/51 52/52
f 52/52 135/135 134/134
f 136/136 46/46 51/51
f 51/51 134/134 136/136
f 137/137 136/136 134/134
f 134/134 138/138 137/137
f 138/138 134/134 135/135
f 135/135 139/139 138/138
f 141/141 140/140 59/59
f 59/59 107/107 141/141
f 135/135 52/52 140/140
f 140/140 141/141 135/135
f 139/139 135/135 141/141
f 141/141 142/142 139/139
f 142/142 141/141 107/107
f 107/107 115/115 142/142
f 143/143 45/45 46/46
f 46/46 136/136 143/143
f 144/144 44/44 45/45
f 45/45 143/143 144/144
f 145/145 144/144 143/143
f 143/143 146/146 145/145
f 146/146 143/143 136/136
f 136/136 137/137 146/146
f 149/149 148/148 147/147
f 147/147 150/150 149/149
f 124/124 121/121 148/148
f 148/148 149/149 124/124
f 133/133 124/124 149/149
f 149/149 151/151 133/133
f 151/151 149/149 150/150
f 150/150 152/152 151/151
f 154/154 153/153 44/44
f 44/44 144/144 154/154
f 150/150 147/147 153/153
f 153/153 154/154 150/150
f 152/152 150/150 154/154
f 154/154 155/155 152/152
f 155/155 154/154 144/144
f 144/144 145/145 155/155
f 156/156 64/64 65/65
f 65/65 157/157 156/156
f 106/106 61/61 64/64
f 64/64 156/156 106/106
f 117/117 106/106 156/156
f 156/156 158/158 117/117
f 158/158 156/156 157/157
f 157/157 159/159 158/158
f 161/161 160/160 159/159
f 159/159 157/157 161/161
f 92/92 95/95 160/160
f 160/160 161/161 92/92
f 164/164 163/163 162/162
f 162/162 165/165 164/164
f 70/70 92/92 161/161
f 161/161 68/68 70/70
f 68/68 161/161 157/157
f 157/157 65/65 68/68
f 167/167 166/166 163/163
f 163/163 164/164 167/167
f 168/168 87/87 88/88
f 88/88 169/169 168/168
f 170/170 86/86 87/87
f 87/87 168/168 170/170
f 171/171 167/167 164/164
f 164/164 172/172 171/171
f 172/172 164/164 165/165
f 165/165 173/173 172/172
f 176/176 175/175 174/174
f 174/174 177/177 176/176
f 131/131 170/170 168/168
f 168/168 126/126 131/131
f 126/126 168/168 169/169
f 169/169 125/125 126/126
f 178/178 31/31 175/175
f 175/175 176/176 178/178
f 181/181 180/180 179/179
f 179/179 182/182 181/181
f 185/185 184/184 183/183
f 183/183 186/186 185/185
f 188/188 187/187 184/184
f 184/184 185/185 188/188
f 182/182 179/179 189/189
f 189/189 190/190 182/182
f 191/191 178/178 176/176
f 176/176 192/192 191/191
f 193/193 188/188 185/185
f 185/185 194/194 193/193
f 194/194 185/185 186/186
f 186/186 74/74 194/194
f 192/192 176/176 177/177
f 177/177 195/195 192/192
f 198/198 197/197 196/196
f 196/196 199/199 198/198
f 188/188 193/193 197/197
f 197/197 198/198 188/188
f 187/187 188/188 198/198
f 198/198 200/200 187/187
f 200/200 198/198 199/199
f 199/199 201/201 200/200
f 203/203 202/202 193/193
f 193/193 194/194 203/203
f 205/205 204/204 202/202
f 202/202 203/203 205/205
f 78/78 205/205 203/203
f 203/203 75/75 78/78
f 75/75 203/203 194/194
f 194/194 74/74 75/75
f 208/208 207/207 206/206
f 206/206 209/209 208/208
f 211/211 210/210 207/207
f 207/207 208/208 211/211
f 214/214 213/213 212/212
f 212/212 215/215 214/214
f 217/217 216/216 213/213
f 213/213 214/214 217/217
f 218/218 217/217 214/214
f 214/214 219/219 218/218
f 219/219 214/214 215/215
f 215/215 220/220 219/219
f 221/221 215/215 212/212
f 212/212 222/222 221/221
f 223/223 220/220 215/215
f 215/215 221/221 223/223
f 224/224 223/223 221/221
f 221/221 225/225 224/224
f 225/225 221/221 222/222
f 222/222 226/226 225/225
f 229/229 228/228 227/227
f 227/227 230/230 229/229
f 230/230 227/227 231/231
f 231/231 232/232 230/230
f 233/233 223/223 224/224
f 224/224 234/234 233/233
f 235/235 220/220 223/223
f 223/223 233/233 235/235
f 238/238 237/237 236/236
f 236/236 239/239 238/238
f 241/241 240/240 237/237
f 237/237 238/238 241/241
f 242/242 241/241 238/238
f 238/238 243/243 242/242
f 243/243 238/238 239/239
f 239/239 196/196 243/243
f 244/244 243/243 196/196
f 196/196 197/197 244/244
f 245/245 242/242 243/243
f 243/243 244/244 245/245
f 204/204 245/245 244/244
f 244/244 202/202 204/204
f 202/202 244/244 197/197
f 197/197 193/193 202/202
f 248/248 247/247 246/246
f 246/246 249/249 248/248
f 251/251 250/250 247/247
f 247/247 248/248 251/251
f 240/240 251/251 248/248
f 248/248 237/237 240/240
f 237/237 248/248 249/249
f 249/249 236/236 237/237
f 252/252 235/235 233/233
f 233/233 253/253 252/252
f 253/253 233/233 234/234
f 234/234 254/254 253/253
f 257/257 256/256 255/255
f 255/255 258/258 257/257
f 260/260 259/259 256/256
f 256/256 257/257 260/260
f 261/261 260/260 257/257
f 257/257 262/262 261/261
f 262/262 257/257 258/258
f 258/258 263/263 262/262
f 266/266 265/265 264/264
f 264/264 267/267 266/266
f 269/269 268/268 265/265
f 265/265 266/266 269/269
f 270/270 211/211 208/208
f 208/208 271/271 270/270
f 271/271 208/208 209/209
f 209/209 272/272 271/271
f 273/273 207/207 210/210
f 210/210 274/274 273/273
f 275/275 206/206 207/207
f 207/207 273/273 275/275
f 276/276 275/275 273/273
f 273/273 277/277 276/276
f 277/277 273/273 274/274
f 274/274 278/278 277/277
f 280/280 279/279 210/210
f 210/210 211/211 280/280
f 282/282 281/281 279/279
f 279/279 280/280 282/282
f 283/283 282/282 280/280
f 280/280 284/284 283/283
f 284/284 280/280 211/211
f 211/211 270/270 284/284
f 285/285 279/279 281/281
f 281/281 286/286 285/285
f 274/274 210/210 279/279
f 279/279 285/285 274/274
f 278/278 274/274 285/285
f 285/285 287/287 278/278
f 287/287 285/285 286/286
f 286/286 288/288 287/287
f 290/290 289/289 281/281
f 281/281 282/282 290/290
f 83/83 80/80 289/289
f 289/289 290/290 83/83
f 91/91 83/83 290/290
f 290/290 291/291 91/91
f 291/291 290/290 282/282
f 282/282 283/283 291/291
f 292/292 289/289 80/80
f 80/80 99/99 292/292
f 286/286 281/281 289/289
f 289/289 292/292 286/286
f 288/288 286/286 292/292
f 292/292 293/293 288/288
f 293/293 292/292 99/99
f 99/99 103/103 293/293
f 296/296 295/295 294/294
f 294/294 297/297 296/296
f 209/209 206/206 295/295
f 295/295 296/296 209/209
f 272/272 209/209 296/296
f 296/296 298/298 272/272
f 298/298 296/296 297/297
f 297/297 299/299 298/298
f 300/300 295/295 206/206
f 206/206 275/275 300/300
f 301/301 294/294 295/295
f 295/295 300/300 301/301
f 304/304 303/303 302/302
f 302/302 305/305 304/304
f 307/307 306/306 303/303
f 303/303 304/304 307/307
f 254/254 307/307 304/304
f 304/304 253/253 254/254
f 253/253 304/304 305/305
f 305/305 252/252 253/253
f 308/308 32/32 37/37
f 37/37 309/309 308/308
f 175/175 31/31 32/32
f 32/32 308/308 175/175
f 174/174 175/175 308/308
f 308/308 310/310 174/174
f 310/310 308/308 309/309
f 309/309 166/166 310/310
f 313/313 312/312 311/311
f 311/311 314/314 313/313
f 309/309 37/37 312/312
f 312/312 313/313 309/309
f 317/317 316/316 315/315
f 315/315 318/318 317/317
f 320/320 319/319 316/316
f 316/316 317/317 320/320
f 321/321 320/320 317/317
f 317/317 322/322 321/321
f 322/322 317/317 318/318
f 318/318 323/323 322/322
f 325/325 324/324 319/319
f 319/319 320/320 325/325
f 327/327 326/326 324/324
f 324/324 325/325 327/327
f 328/328 327/327 325/325
f 325/325 329/329 328/328
f 329/329 325/325 320/320
f 320/320 321/321 329/329
f 332/332 331/331 330/330
f 330/330 333/333 332/332
f 335/335 334/334 331/331
f 331/331 332/332 335/335
f 216/216 335/335 332/332
f 332/332 336/336 216/216
f 336/336 332/332 333/333
f 333/333 337/337 336/336
f 340/340 339/339 338/338
f 338/338 341/341 340/340
f 336/336 337/337 339/339
f 339/339 340/340 336/336
f 216/216 336/336 340/340
f 340/340 213/213 216/216
f 213/213 340/340 341/341
f 341/341 212/212 213/213
f 166/166 309/309 313/313
f 313/313 163/163 166/166
f 163/163 313/313 314/314
f 314/314 162/162 163/163
f 344/344 343/343 342/342
f 342/342 345/345 344/344
f 346/346 195/195 343/343
f 343/343 344/344 346/346
f 268/268 346/346 344/344
f 344/344 265/265 268/268
f 265/265 344/344 345/345
f 345/345 264/264 265/265
f 348/348 347/347 302/302
f 302/302 303/303 348/348
f 350/350 349/349 347/347
f 347/347 348/348 350/350
f 351/351 350/350 348/348
f 348/348 352/352 351/351
f 352/352 348/348 303/303
f 303/303 306/306 352/352
f 354/354 353/353 183/183
f 183/183 355/355 354/354
f 357/357 356/356 353/353
f 353/353 354/354 357/357
f 358/358 357/357 354/354
f 354/354 359/359 358/358
f 359/359 354/354 355/355
f 355/355 360/360 359/359
f 363/363 362/362 361/361
f 361/361 364/364 363/363
f 364/364 361/361 365/365
f 365/365 366/366 364/364
f 368/368 367/367 9/9
f 9/9 369/369 368/368
f 371/371 370/370 367/367
f 367/367 368/368 371/371
f 372/372 371/371 368/368
f 368/368 373/373 372/372
f 373/373 368/368 369/369
f 369/369 374/374 373/373
f 377/377 376/376 375/375
f 375/375 378/378 377/377
f 379/379 370/370 376/376
f 376/376 377/377 379/379
f 380/380 379/379 377/377
f 377/377 381/381 380/380
f 381/381 377/377 378/378
f 378/378 382/382 381/381
f 385/385 384/384 383/383
f 383/383 8/8 385/385
f 379/379 380/380 384/384
f 384/384 385/385 379/379
f 388/388 387/387 386/386
f 386/386 389/389 388/388
f 357/357 358/358 387/387
f 387/387 388/388 357/357
f 356/356 357/357 388/388
f 388/388 390/390 356/356
f 390/390 388/388 389/389
f 389/389 391/391 390/390
f 394/394 393/393 392/392
f 392/392 395/395 394/394
f 396/396 25/25 393/393
f 393/393 394/394 396/396
f 370/370 379/379 385/385
f 385/385 367/367 370/370
f 367/367 385/385 8/8
f 8/8 9/9 367/367
f 72/72 396/396 394/394
f 394/394 397/397 72/72
f 397/397 394/394 395/395
f 395/395 398/398 397/397
f 399/399 389/389 386/386
f 386/386 400/400 399/399
f 401/401 391/391 389/389
f 389/389 399/399 401/401
f 402/402 401/401 399/399
f 399/399 403/403 402/402
f 403/403 399/399 400/400
f 400/400 404/404 403/403
f 405/405 403/403 404/404
f 404/404 406/406 405/405
f 407/407 402/402 403/403
f 403/403 405/405 407/407
f 408/408 407/407 405/405
f 405/405 409/409 408/408
f 409/409 405/405 406/406
f 406/406 410/410 409/409
f 411/411 409/409 410/410
f 410/410 412/412 411/411
f 413/413 408/408 409/409
f 409/409 411/411 413/413
f 416/416 415/415 414/414
f 414/414 417/417 416/416
f 419/419 418/418 415/415
f 415/415 416/416 419/419
f 420/420 419/419 416/416
f 416/416 421/421 420/420
f 421/421 416/416 417/417
f 417/417 422/422 421/421
f 424/424 423/423 414/414
f 414/414 415/415 424/424
f 381/381 382/382 423/423
f 423/423 424/424 381/381
f 380/380 381/381 424/424
f 424/424 425/425 380/380
f 425/425 424/424 415/415
f 415/415 418/418 425/425
f 428/428 427/427 426/426
f 426/426 429/429 428/428
f 425/425 418/418 427/427
f 427/427 428/428 425/425
f 380/380 425/425 428/428
f 428/428 384/384 380/380
f 384/384 428/428 429/429
f 429/429 383/383 384/384
f 42/42 413/413 411/411
f 411/411 430/430 42/42
f 430/430 411/411 412/412
f 412/412 431/431 430/430
f 432/432 427/427 418/418
f 418/418 419/419 432/432
f 433/433 426/426 427/427
f 427/427 432/432 433/433
f 434/434 430/430 431/431
f 431/431 435/435 434/434
f 39/39 42/42 430/430
f 430/430 434/434 39/39
f 38/38 39/39 434/434
f 434/434 436/436 38/38
f 436/436 434/434 435/435
f 435/435 437/437 436/436
f 438/438 436/436 437/437
f 437/437 439/439 438/438
f 48/48 38/38 436/436
f 436/436 438/438 48/48
f 47/47 48/48 438/438
f 438/438 440/440 47/47
f 440/440 438/438 439/439
f 439/439 441/441 440/440
f 443/443 442/442 57/57
f 57/57 444/444 443/443
f 446/446 445/445 442/442
f 442/442 443/443 446/446
f 441/441 446/446 443/443
f 443/443 440/440 441/441
f 440/440 443/443 444/444
f 444/444 47/47 440/440
f 447/447 442/442 445/445
f 445/445 2/2 447/447
f 54/54 57/57 442/442
f 442/442 447/447 54/54
f 53/53 54/54 447/447
f 447/447 448/448 53/53
f 448/448 447/447 2/2
f 2/2 3/3 448/448
f 450/450 449/449 23/23
f 23/23 24/24 450/450
f 73/73 67/67 449/449
f 449/449 450/450 73/73
f 72/72 73/73 450/450
f 450/450 396/396 72/72
f 396/396 450/450 24/24
f 24/24 25/25 396/396
f 451/451 448/448 3/3
f 3/3 28/28 451/451
f 63/63 53/53 448/448
f 448/448 451/451 63/63
f 67/67 63/63 451/451
f 451/451 449/449 67/67
f 449/449 451/451 28/28
f 28/28 23/23 449/449
f 453/453 452/452 342/342
f 342/342 343/343 453/453
f 455/455 454/454 452/452
f 452/452 453/453 455/455
f 174/174 455/455 453/453
f 453/453 177/177 174/174
f 177/177 453/453 343/343
f 343/343 195/195 177/177
f 113/113 114/114 129/129
f 129/129 456/456 113/113
f 457/457 167/167 171/171
f 171/171 458/458 457/457
f 310/310 166/166 167/167
f 167/167 457/457 310/310
f 456/456 129/129 130/130
f 130/130 459/459 456/456
f 174/174 310/310 457/457
f 457/457 455/455 174/174
f 455/455 457/457 458/458
f 458/458 454/454 455/455
f 461/461 460/460 229/229
f 229/229 230/230 461/461
f 90/90 91/91 460/460
f 460/460 461/461 90/90
f 463/463 462/462 113/113
f 113/113 456/456 463/463
f 464/464 338/338 462/462
f 462/462 463/463 464/464
f 89/89 90/90 461/461
f 461/461 465/465 89/89
f 465/465 461/461 230/230
f 230/230 232/232 465/465
f 466/466 359/359 360/360
f 360/360 467/467 466/466
f 468/468 358/358 359/359
f 359/359 466/466 468/468
f 469/469 468/468 466/466
f 466/466 470/470 469/469
f 470/470 466/466 467/467
f 467/467 471/471 470/470
f 473/473 472/472 326/326
f 326/326 474/474 473/473
f 291/291 283/283 472/472
f 472/472 473/473 291/291
f 91/91 291/291 473/473
f 473/473 460/460 91/91
f 460/460 473/473 474/474
f 474/474 229/229 460/460
f 476/476 475/475 330/330
f 330/330 331/331 476/476
f 477/477 299/299 475/475
f 475/475 476/476 477/477
f 181/181 477/477 476/476
f 476/476 180/180 181/181
f 180/180 476/476 331/331
f 331/331 334/334 180/180
f 478/478 298/298 299/299
f 299/299 477/477 478/478
f 479/479 272/272 298/298
f 298/298 478/478 479/479
f 315/315 479/479 478/478
f 478/478 480/480 315/315
f 480/480 478/478 477/477
f 477/477 181/181 480/480
f 481/481 271/271 272/272
f 272/272 479/479 481/481
f 482/482 270/270 271/271
f 271/271 481/481 482/482
f 319/319 482/482 481/481
f 481/481 316/316 319/319
f 316/316 481/481 479/479
f 479/479 315/315 316/316
f 483/483 482/482 319/319
f 319/319 324/324 483/483
f 284/284 270/270 482/482
f 482/482 483/483 284/284
f 283/283 284/284 483/483
f 483/483 472/472 283/283
f 472/472 483/483 324/324
f 324/324 326/326 472/472
f 485/485 464/464 484/484
f 484/484 486/486 485/485
f 341/341 338/338 464/464
f 464/464 485/485 341/341
f 212/212 341/341 485/485
f 485/485 222/222 212/212
f 222/222 485/485 486/486
f 486/486 226/226 222/222
f 487/487 262/262 263/263
f 263/263 488/488 487/487
f 489/489 261/261 262/262
f 262/262 487/487 489/489
f 490/490 489/489 487/487
f 487/487 491/491 490/490
f 491/491 487/487 488/488
f 488/488 492/492 491/491
f 495/495 494/494 493/493
f 493/493 496/496 495/495
f 497/497 120/120 494/494
f 494/494 495/495 497/497
f 498/498 497/497 495/495
f 495/495 499/499 498/498
f 499/499 495/495 496/496
f 496/496 500/500 499/499
f 501/501 277/277 278/278
f 278/278 502/502 501/501
f 503/503 276/276 277/277
f 277/277 501/501 503/503
f 374/374 503/503 501/501
f 501/501 373/373 374/374
f 373/373 501/501 502/502
f 502/502 372/372 373/373
f 504/504 287/287 288/288
f 288/288 505/505 504/504
f 502/502 278/278 287/287
f 287/287 504/504 502/502
f 372/372 502/502 504/504
f 504/504 506/506 372/372
f 506/506 504/504 505/505
f 505/505 255/255 506/506
f 509/509 508/508 507/507
f 507/507 510/510 509/509
f 512/512 511/511 508/508
f 508/508 509/509 512/512
f 513/513 512/512 509/509
f 509/509 514/514 513/513
f 514/514 509/509 510/510
f 510/510 515/515 514/514
f 518/518 517/517 516/516
f 516/516 519/519 518/518
f 508/508 511/511 517/517
f 517/517 518/518 508/508
f 507/507 508/508 518/518
f 518/518 520/520 507/507
f 520/520 518/518 519/519
f 519/519 521/521 520/520
f 524/524 523/523 522/522
f 522/522 525/525 524/524
f 519/519 516/516 523/523
f 523/523 524/524 519/519
f 521/521 519/519 524/524
f 524/524 526/526 521/521
f 526/526 524/524 525/525
f 525/525 527/527 526/526
f 530/530 529/529 528/528
f 528/528 531/531 530/530
f 532/532 398/398 529/529
f 529/529 530/530 532/532
f 102/102 532/532 530/530
f 530/530 533/533 102/102
f 533/533 530/530 531/531
f 531/531 534/534 533/533
f 537/537 536/536 535/535
f 535/535 538/538 537/537
f 540/540 539/539 536/536
f 536/536 537/537 540/540
f 541/541 540/540 537/537
f 537/537 542/542 541/541
f 542/542 537/537 538/538
f 538/538 543/543 542/542
f 544/544 525/525 522/522
f 522/522 545/545 544/544
f 546/546 527/527 525/525
f 525/525 544/544 546/546
f 547/547 546/546 544/544
f 544/544 548/548 547/547
f 548/548 544/544 545/545
f 545/545 549/549 548/548
f 552/552 551/551 550/550
f 550/550 553/553 552/552
f 548/548 549/549 551/551
f 551/551 552/552 548/548
f 547/547 548/548 552/552
f 552/552 554/554 547/547
f 554/554 552/552 553/553
f 553/553 555/555 554/554
f 558/558 557/557 556/556
f 556/556 559/559 558/558
f 561/561 560/560 557/557
f 557/557 558/558 561/561
f 550/550 561/561 558/558
f 558/558 553/553 550/550
f 553/553 558/558 559/559
f 559/559 555/555 553/553
f 562/562 542/542 543/543
f 543/543 563/563 562/562
f 564/564 541/541 542/542
f 542/542 562/562 564/564
f 560/560 564/564 562/562
f 562/562 557/557 560/560
f 557/557 562/562 563/563
f 563/563 556/556 557/557
f 567/567 566/566 565/565
f 565/565 568/568 567/567
f 570/570 569/569 566/566
f 566/566 567/567 570/570
f 539/539 570/570 567/567
f 567/567 536/536 539/539
f 536/536 567/567 568/568
f 568/568 535/535 536/536
f 572/572 571/571 565/565
f 565/565 566/566 572/572
f 574/574 573/573 571/571
f 571/571 572/572 574/574
f 575/575 574/574 572/572
f 572/572 576/576 575/575
f 576/576 572/572 566/566
f 566/566 569/569 576/576
f 577/577 574/574 575/575
f 575/575 578/578 577/577
f 579/579 573/573 574/574
f 574/574 577/577 579/579
f 528/528 579/579 577/577
f 577/577 531/531 528/528
f 531/531 577/577 578/578
f 578/578 534/534 531/531
f 580/580 512/512 513/513
f 513/513 581/581 580/580
f 582/582 511/511 512/512
f 512/512 580/580 582/582
f 583/583 582/582 580/580
f 580/580 584/584 583/583
f 584/584 580/580 581/581
f 581/581 585/585 584/584
f 586/586 533/533 534/534
f 534/534 587/587 586/586
f 101/101 102/102 533/533
f 533/533 586/586 101/101
f 100/100 101/101 586/586
f 586/586 588/588 100/100
f 588/588 586/586 587/587
f 587/587 589/589 588/588
f 591/591 590/590 569/569
f 569/569 570/570 591/591
f 593/593 592/592 590/590
f 590/590 591/591 593/593
f 594/594 593/593 591/591
f 591/591 595/595 594/594
f 595/595 591/591 570/570
f 570/570 539/539 595/595
f 597/597 596/596 522/522
f 522/522 523/523 597/597
f 599/599 598/598 596/596
f 596/596 597/597 599/599
f 600/600 599/599 597/597
f 597/597 601/601 600/600
f 601/601 597/597 523/523
f 523/523 516/516 601/601
f 603/603 602/602 541/541
f 541/541 564/564 603/603
f 605/605 604/604 602/602
f 602/602 603/603 605/605
f 606/606 605/605 603/603
f 603/603 607/607 606/606
f 607/607 603/603 564/564
f 564/564 560/560 607/607
f 608/608 595/595 539/539
f 539/539 540/540 608/608
f 609/609 594/594 595/595
f 595/595 608/608 609/609
f 604/604 609/609 608/608
f 608/608 602/602 604/604
f 602/602 608/608 540/540
f 540/540 541/541 602/602
f 610/610 607/607 560/560
f 560/560 561/561 610/610
f 611/611 606/606 607/607
f 607/607 610/610 611/611
f 612/612 611/611 610/610
f 610/610 613/613 612/612
f 613/613 610/610 561/561
f 561/561 550/550 613/613
f 615/615 614/614 549/549
f 549/549 545/545 615/615
f 617/617 616/616 614/614
f 614/614 615/615 617/617
f 598/598 617/617 615/615
f 615/615 596/596 598/598
f 596/596 615/615 545/545
f 545/545 522/522 596/596
f 618/618 613/613 550/550
f 550/550 551/551 618/618
f 619/619 612/612 613/613
f 613/613 618/618 619/619
f 616/616 619/619 618/618
f 618/618 614/614 616/616
f 614/614 618/618 551/551
f 551/551 549/549 614/614
f 621/621 620/620 575/575
f 575/575 576/576 621/621
f 623/623 622/622 620/620
f 620/620 621/621 623/623
f 592/592 623/623 621/621
f 621/621 590/590 592/592
f 590/590 621/621 576/576
f 576/576 569/569 590/590
f 624/624 620/620 622/622
f 622/622 625/625 624/624
f 578/578 575/575 620/620
f 620/620 624/624 578/578
f 534/534 578/578 624/624
f 624/624 587/587 534/534
f 587/587 624/624 625/625
f 625/625 589/589 587/587
f 626/626 517/517 511/511
f 511/511 582/582 626/626
f 601/601 516/516 517/517
f 517/517 626/626 601/601
f 600/600 601/601 626/626
f 626/626 627/627 600/600
f 627/627 626/626 582/582
f 582/582 583/583 627/627
f 628/628 514/514 515/515
f 515/515 629/629 628/628
f 630/630 513/513 514/514
f 514/514 628/628 630/630
f 631/631 630/630 628/628
f 628/628 632/632 631/631
f 632/632 628/628 629/629
f 629/629 633/633 632/632
f 636/636 635/635 634/634
f 634/634 637/637 636/636
f 639/639 638/638 635/635
f 635/635 636/636 639/639
f 633/633 639/639 636/636
f 636/636 632/632 633/633
f 632/632 636/636 637/637
f 637/637 631/631 632/632
f 640/640 630/630 631/631
f 631/631 641/641 640/640
f 581/581 513/513 630/630
f 630/630 640/640 581/581
f 585/585 581/581 640/640
f 640/640 642/642 585/585
f 642/642 640/640 641/641
f 641/641 643/643 642/642
f 644/644 293/293 103/103
f 103/103 645/645 644/644
f 505/505 288/288 293/293
f 293/293 644/644 505/505
f 255/255 505/505 644/644
f 644/644 258/258 255/255
f 258/258 644/644 645/645
f 645/645 263/263 258/258
f 647/647 646/646 276/276
f 276/276 503/503 647/647
f 649/649 648/648 646/646
f 646/646 647/647 649/649
f 650/650 649/649 647/647
f 647/647 651/651 650/650
f 651/651 647/647 503/503
f 503/503 374/374 651/651
f 654/654 653/653 652/652
f 652/652 655/655 654/654
f 468/468 469/469 653/653
f 653/653 654/654 468/468
f 358/358 468/468 654/654
f 654/654 387/387 358/358
f 387/387 654/654 655/655
f 655/655 386/386 387/387
f 658/658 657/657 656/656
f 656/656 659/659 658/658
f 20/20 17/17 657/657
f 657/657 658/658 20/20
f 25/25 20/20 658/658
f 658/658 393/393 25/25
f 393/393 658/658 659/659
f 659/659 392/392 393/393
f 660/660 400/400 386/386
f 386/386 655/655 660/660
f 661/661 404/404 400/400
f 400/400 660/660 661/661
f 662/662 433/433 432/432
f 432/432 663/663 662/662
f 663/663 432/432 419/419
f 419/419 420/420 663/663
f 664/664 661/661 660/660
f 660/660 665/665 664/664
f 665/665 660/660 655/655
f 655/655 652/652 665/665
f 666/666 269/269 266/266
f 266/266 667/667 666/666
f 667/667 266/266 267/267
f 267/267 668/668 667/667
f 671/671 670/670 669/669
f 669/669 672/672 671/671
f 667/667 668/668 670/670
f 670/670 671/671 667/667
f 666/666 667/667 671/671
f 671/671 673/673 666/666
f 673/673 671/671 672/672
f 672/672 674/674 673/673
f 675/675 458/458 171/171
f 171/171 676/676 675/675
f 677/677 454/454 458/458
f 458/458 675/675 677/677
f 678/678 677/677 675/675
f 675/675 679/679 678/678
f 679/679 675/675 676/676
f 676/676 680/680 679/679
f 682/682 681/681 669/669
f 669/669 670/670 682/682
f 684/684 683/683 681/681
f 681/681 682/682 684/684
f 685/685 684/684 682/682
f 682/682 686/686 685/685
f 686/686 682/682 670/670
f 670/670 668/668 686/686
f 688/688 687/687 264/264
f 264/264 345/345 688/688
f 690/690 689/689 687/687
f 687/687 688/688 690/690
f 691/691 690/690 688/688
f 688/688 692/692 691/691
f 692/692 688/688 345/345
f 345/345 342/342 692/692
f 693/693 687/687 689/689
f 689/689 694/694 693/693
f 267/267 264/264 687/687
f 687/687 693/693 267/267
f 668/668 267/267 693/693
f 693/693 686/686 668/668
f 686/686 693/693 694/694
f 694/694 685/685 686/686
f 695/695 231/231 669/669
f 669/669 681/681 695/695
f 696/696 232/232 231/231
f 231/231 695/695 696/696
f 697/697 696/696 695/695
f 695/695 698/698 697/697
f 698/698 695/695 681/681
f 681/681 683/683 698/698
f 699/699 698/698 683/683
f 683/683 700/700 699/699
f 701/701 697/697 698/698
f 698/698 699/699 701/701
f 469/469 701/701 699/699
f 699/699 653/653 469/469
f 653/653 699/699 700/700
f 700/700 652/652 653/653
f 703/703 702/702 664/664
f 664/664 704/704 703/703
f 706/706 705/705 702/702
f 702/702 703/703 706/706
f 689/689 706/706 703/703
f 703/703 694/694 689/689
f 694/694 703/703 704/704
f 704/704 685/685 694/694
f 707/707 700/700 683/683
f 683/683 684/684 707/707
f 665/665 652/652 700/700
f 700/700 707/707 665/665
f 664/664 665/665 707/707
f 707/707 704/704 664/664
f 704/704 707/707 684/684
f 684/684 685/685 704/704
f 708/708 690/690 691/691
f 691/691 709/709 708/708
f 706/706 689/689 690/690
f 690/690 708/708 706/706
f 705/705 706/706 708/708
f 708/708 710/710 705/705
f 710/710 708/708 709/709
f 709/709 711/711 710/710
f 713/713 712/712 678/678
f 678/678 714/714 713/713
f 709/709 691/691 712/712
f 712/712 713/713 709/709
f 711/711 709/709 713/713
f 713/713 715/715 711/711
f 715/715 713/713 714/714
f 714/714 716/716 715/715
f 717/717 679/679 680/680
f 680/680 718/718 717/717
f 714/714 678/678 679/679
f 679/679 717/717 714/714
f 716/716 714/714 717/717
f 717/717 719/719 716/716
f 719/719 717/717 718/718
f 718/718 720/720 719/719
f 723/723 722/722 721/721
f 721/721 724/724 723/723
f 718/718 680/680 722/722
f 722/722 723/723 718/718
f 720/720 718/718 723/723
f 723/723 725/725 720/720
f 725/725 723/723 724/724
f 724/724 726/726 725/725
f 729/729 728/728 727/727
f 727/727 730/730 729/729
f 724/724 721/721 728/728
f 728/728 729/729 724/724
f 726/726 724/724 729/729
f 729/729 5/5 726/726
f 5/5 729/729 730/730
f 730/730 6/6 5/5
f 731/731 677/677 678/678
f 678/678 712/712 731/731
f 452/452 454/454 677/677
f 677/677 731/731 452/452
f 342/342 452/452 731/731
f 731/731 692/692 342/342
f 692/692 731/731 712/712
f 712/712 691/691 692/692
f 733/733 732/732 721/721
f 721/721 722/722 733/733
f 172/172 173/173 732/732
f 732/732 733/733 172/172
f 171/171 172/172 733/733
f 733/733 676/676 171/171
f 676/676 733/733 722/722
f 722/722 680/680 676/676
f 734/734 732/732 173/173
f 173/173 735/735 734/734
f 728/728 721/721 732/732
f 732/732 734/734 728/728
f 727/727 728/728 734/734
f 734/734 736/736 727/727
f 736/736 734/734 735/735
f 735/735 737/737 736/736
f 738/738 350/350 351/351
f 351/351 739/739 738/738
f 740/740 349/349 350/350
f 350/350 738/738 740/740
f 741/741 740/740 738/738
f 738/738 742/742 741/741
f 742/742 738/738 739/739
f 739/739 743/743 742/742
f 746/746 745/745 744/744
f 744/744 747/747 746/746
f 740/740 741/741 745/745
f 745/745 746/746 740/740
f 349/349 740/740 746/746
f 746/746 748/748 349/349
f 748/748 746/746 747/747
f 747/747 749/749 748/748
f 750/750 657/657 17/17
f 17/17 751/751 750/750
f 752/752 656/656 657/657
f 657/657 750/750 752/752
f 743/743 752/752 750/750
f 750/750 742/742 743/743
f 742/742 750/750 751/751
f 751/751 741/741 742/742
f 753/753 745/745 741/741
f 741/741 751/751 753/753
f 754/754 744/744 745/745
f 745/745 753/753 754/754
f 21/21 754/754 753/753
f 753/753 18/18 21/21
f 18/18 753/753 751/751
f 751/751 17/17 18/18
f 756/756 755/755 744/744
f 744/744 754/754 756/756
f 730/730 727/727 755/755
f 755/755 756/756 730/730
f 6/6 730/730 756/756
f 756/756 27/27 6/6
f 27/27 756/756 754/754
f 754/754 21/21 27/27
f 758/758 757/757 749/749
f 749/749 747/747 758/758
f 736/736 737/737 757/757
f 757/757 758/758 736/736
f 727/727 736/736 758/758
f 758/758 755/755 727/727
f 755/755 758/758 747/747
f 747/747 744/744 755/755
f 759/759 470/470 471/471
f 471/471 760/760 759/759
f 701/701 469/469 470/470
f 470/470 759/759 701/701
f 697/697 701/701 759/759
f 759/759 761/761 697/697
f 761/761 759/759 760/760
f 760/760 762/762 761/761
f 763/763 696/696 697/697
f 697/697 761/761 763/763
f 465/465 232/232 696/696
f 696/696 763/763 465/465
f 89/89 465/465 763/763
f 763/763 764/764 89/89
f 764/764 763/763 761/761
f 761/761 762/762 764/764
f 766/766 765/765 360/360
f 360/360 355/355 766/766
f 768/768 767/767 765/765
f 765/765 766/766 768/768
f 187/187 768/768 766/766
f 766/766 184/184 187/187
f 184/184 766/766 355/355
f 355/355 183/183 184/184
f 769/769 491/491 492/492
f 492/492 770/770 769/769
f 771/771 490/490 491/491
f 491/491 769/769 771/771
f 772/772 771/771 769/769
f 769/769 773/773 772/772
f 773/773 769/769 770/770
f 770/770 774/774 773/773
f 777/777 776/776 775/775
f 775/775 778/778 777/777
f 780/780 779/779 776/776
f 776/776 777/777 780/780
f 781/781 780/780 777/777
f 777/777 782/782 781/781
f 782/782 777/777 778/778
f 778/778 783/783 782/782
f 784/784 773/773 774/774
f 774/774 785/785 784/784
f 786/786 772/772 773/773
f 773/773 784/784 786/786
f 787/787 786/786 784/784
f 784/784 788/788 787/787
f 788/788 784/784 785/785
f 785/785 789/789 788/788
f 791/791 790/790 783/783
f 783/783 778/778 791/791
f 788/788 789/789 790/790
f 790/790 791/791 788/788
f 787/787 788/788 791/791
f 791/791 792/792 787/787
f 792/792 791/791 778/778
f 778/778 775/775 792/792
f 794/794 793/793 236/236
f 236/236 249/249 794/794
f 780/780 781/781 793/793
f 793/793 794/794 780/780
f 779/779 780/780 794/794
f 794/794 795/795 779/779
f 795/795 794/794 249/249
f 249/249 246/246 795/795
f 798/798 797/797 796/796
f 796/796 799/799 798/798
f 800/800 108/108 797/797
f 797/797 798/798 800/800
f 492/492 800/800 798/798
f 798/798 770/770 492/492
f 770/770 798/798 799/799
f 799/799 774/774 770/770
f 801/801 782/782 783/783
f 783/783 802/802 801/801
f 803/803 781/781 782/782
f 782/782 801/801 803/803
f 201/201 803/803 801/801
f 801/801 804/804 201/201
f 804/804 801/801 802/802
f 802/802 805/805 804/804
f 806/806 239/239 236/236
f 236/236 793/793 806/806
f 199/199 196/196 239/239
f 239/239 806/806 199/199
f 201/201 199/199 806/806
f 806/806 803/803 201/201
f 803/803 806/806 793/793
f 793/793 781/781 803/803
f 808/808 807/807 190/190
f 190/190 809/809 808/808
f 36/36 323/323 807/807
f 807/807 808/808 36/36
f 37/37 36/36 808/808
f 808/808 312/312 37/37
f 312/312 808/808 809/809
f 809/809 311/311 312/312
f 810/810 480/480 181/181
f 181/181 182/182 810/810
f 318/318 315/315 480/480
f 480/480 810/810 318/318
f 323/323 318/318 810/810
f 810/810 807/807 323/323
f 807/807 810/810 182/182
f 182/182 190/190 807/807
f 813/813 812/812 811/811
f 811/811 814/814 813/813
f 189/189 815/815 812/812
f 812/812 813/813 189/189
f 190/190 189/189 813/813
f 813/813 809/809 190/190
f 809/809 813/813 814/814
f 814/814 311/311 809/809
f 818/818 817/817 816/816
f 816/816 819/819 818/818
f 790/790 789/789 817/817
f 817/817 818/818 790/790
f 783/783 790/790 818/818
f 818/818 802/802 783/783
f 802/802 818/818 819/819
f 819/819 805/805 802/802
f 820/820 799/799 796/796
f 796/796 821/821 820/820
f 785/785 774/774 799/799
f 799/799 820/820 785/785
f 789/789 785/785 820/820
f 820/820 817/817 789/789
f 817/817 820/820 821/821
f 821/821 816/816 817/817
f 823/823 822/822 84/84
f 84/84 85/85 823/823
f 825/825 824/824 822/822
f 822/822 823/823 825/825
f 484/484 464/464 463/463
f 463/463 826/826 484/484
f 826/826 463/463 456/456
f 456/456 459/459 826/826
f 762/762 825/825 823/823
f 823/823 764/764 762/762
f 764/764 823/823 85/85
f 85/85 89/89 764/764
f 829/829 828/828 827/827
f 827/827 830/830 829/829
f 831/831 822/822 824/824
f 824/824 832/832 831/831
f 98/98 84/84 822/822
f 822/822 831/831 98/98
f 833/833 829/829 830/830
f 830/830 834/834 833/833
f 837/837 836/836 835/835
f 835/835 838/838 837/837
f 108/108 98/98 831/831
f 831/831 797/797 108/108
f 797/797 831/831 832/832
f 832/832 796/796 797/797
f 839/839 837/837 838/838
f 838/838 840/840 839/839
f 842/842 841/841 824/824
f 824/824 825/825 842/842
f 844/844 843/843 841/841
f 841/841 842/842 844/844
f 847/847 846/846 845/845
f 845/845 848/848 847/847
f 849/849 634/634 846/846
f 846/846 847/847 849/849
f 850/850 849/849 847/847
f 847/847 851/851 850/850
f 851/851 847/847 848/848
f 848/848 852/852 851/851
f 853/853 637/637 634/634
f 634/634 849/849 853/853
f 641/641 631/631 637/637
f 637/637 853/853 641/641
f 643/643 641/641 853/853
f 853/853 854/854 643/643
f 854/854 853/853 849/849
f 849/849 850/850 854/854
f 471/471 844/844 842/842
f 842/842 760/760 471/471
f 760/760 842/842 825/825
f 825/825 762/762 760/760
f 855/855 200/200 201/201
f 201/201 804/804 855/855
f 768/768 187/187 200/200
f 200/200 855/855 768/768
f 767/767 768/768 855/855
f 855/855 856/856 767/767
f 856/856 855/855 804/804
f 804/804 805/805 856/856
f 857/857 841/841 843/843
f 843/843 858/858 857/857
f 832/832 824/824 841/841
f 841/841 857/857 832/832
f 861/861 860/860 859/859
f 859/859 862/862 861/861
f 848/848 845/845 860/860
f 860/860 861/861 848/848
f 852/852 848/848 861/861
f 861/861 863/863 852/852
f 863/863 861/861 862/862
f 862/862 864/864 863/863
f 796/796 832/832 857/857
f 857/857 821/821 796/796
f 821/821 857/857 858/858
f 858/858 816/816 821/821
f 865/865 858/858 843/843
f 843/843 866/866 865/865
f 819/819 816/816 858/858
f 858/858 865/865 819/819
f 805/805 819/819 865/865
f 865/865 856/856 805/805
f 856/856 865/865 866/866
f 866/866 767/767 856/856
f 867/867 467/467 360/360
f 360/360 765/765 867/867
f 844/844 471/471 467/467
f 467/467 867/867 844/844
f 843/843 844/844 867/867
f 867/867 866/866 843/843
f 866/866 867/867 765/765
f 765/765 767/767 866/866
f 868/868 346/346 268/268
f 268/268 269/269 868/868
f 192/192 195/195 346/346
f 346/346 868/868 192/192
f 191/191 192/192 868/868
f 868/868 869/869 191/191
f 869/869 868/868 269/269
f 269/269 666/666 869/869
f 872/872 871/871 870/870
f 870/870 873/873 872/872
f 757/757 737/737 871/871
f 871/871 872/872 757/757
f 749/749 757/757 872/872
f 872/872 874/874 749/749
f 874/874 872/872 873/873
f 873/873 875/875 874/874
f 877/877 876/876 252/252
f 252/252 305/305 877/877
f 879/879 878/878 876/876
f 876/876 877/877 879/879
f 875/875 879/879 877/877
f 877/877 880/880 875/875
f 880/880 877/877 305/305
f 305/305 302/302 880/880
f 881/881 873/873 870/870
f 870/870 882/882 881/881
f 879/879 875/875 873/873
f 873/873 881/881 879/879
f 878/878 879/879 881/881
f 881/881 883/883 878/878
f 883/883 881/881 882/882
f 882/882 811/811 883/883
f 884/884 814/814 811/811
f 811/811 882/882 884/884
f 314/314 311/311 814/814
f 814/814 884/884 314/314
f 162/162 314/314 884/884
f 884/884 885/885 162/162
f 885/885 884/884 882/882
f 882/882 870/870 885/885
f 886/886 874/874 875/875
f 875/875 880/880 886/886
f 748/748 749/749 874/874
f 874/874 886/886 748/748
f 349/349 748/748 886/886
f 886/886 347/347 349/349
f 347/347 886/886 880/880
f 880/880 302/302 347/347
f 887/887 885/885 870/870
f 870/870 871/871 887/887
f 165/165 162/162 885/885
f 885/885 887/887 165/165
f 173/173 165/165 887/887
f 887/887 735/735 173/173
f 735/735 887/887 871/871
f 871/871 737/737 735/735
f 890/890 889/889 888/888
f 888/888 891/891 890/890
f 893/893 892/892 889/889
f 889/889 890/890 893/893
f 894/894 893/893 890/890
f 890/890 895/895 894/894
f 895/895 890/890 891/891
f 891/891 896/896 895/895
f 898/898 897/897 420/420
f 420/420 421/421 898/898
f 900/900 899/899 897/897
f 897/897 898/898 900/900
f 901/901 900/900 898/898
f 898/898 902/902 901/901
f 902/902 898/898 421/421
f 421/421 422/422 902/902
f 905/905 904/904 903/903
f 903/903 906/906 905/905
f 907/907 899/899 904/904
f 904/904 905/905 907/907
f 908/908 907/907 905/905
f 905/905 909/909 908/908
f 909/909 905/905 906/906
f 906/906 910/910 909/909
f 911/911 663/663 420/420
f 420/420 897/897 911/911
f 912/912 662/662 663/663
f 663/663 911/911 912/912
f 908/908 912/912 911/911
f 911/911 907/907 908/908
f 907/907 911/911 897/897
f 897/897 899/899 907/907
f 914/914 913/913 892/892
f 892/892 893/893 914/914
f 916/916 915/915 913/913
f 913/913 914/914 916/916
f 917/917 916/916 914/914
f 914/914 918/918 917/917
f 918/918 914/914 893/893
f 893/893 894/894 918/918
f 920/920 919/919 908/908
f 908/908 909/909 920/920
f 922/922 921/921 919/919
f 919/919 920/920 922/922
f 923/923 922/922 920/920
f 920/920 924/924 923/923
f 924/924 920/920 909/909
f 909/909 910/910 924/924
f 926/926 925/925 662/662
f 662/662 912/912 926/926
f 928/928 927/927 925/925
f 925/925 926/926 928/928
f 921/921 928/928 926/926
f 926/926 919/919 921/921
f 919/919 926/926 912/912
f 912/912 908/908 919/919
f 929/929 895/895 896/896
f 896/896 930/930 929/929
f 931/931 894/894 895/895
f 895/895 929/929 931/931
f 921/921 931/931 929/929
f 929/929 928/928 921/921
f 928/928 929/929 930/930
f 930/930 927/927 928/928
f 932/932 922/922 923/923
f 923/923 933/933 932/932
f 931/931 921/921 922/922
f 922/922 932/932 931/931
f 894/894 931/931 932/932
f 932/932 918/918 894/894
f 918/918 932/932 933/933
f 933/933 917/917 918/918
f 935/935 934/934 840/840
f 840/840 838/838 935/935
f 924/924 910/910 934/934
f 934/934 935/935 924/924
f 923/923 924/924 935/935
f 935/935 936/936 923/923
f 936/936 935/935 838/838
f 838/838 835/835 936/936
f 227/227 672/672 669/669
f 669/669 231/231 227/227
f 228/228 674/674 672/672
f 672/672 227/227 228/228
f 939/939 938/938 937/937
f 937/937 940/940 939/939
f 941/941 939/939 940/940
f 940/940 942/942 941/941
f 945/945 944/944 943/943
f 943/943 946/946 945/945
f 948/948 947/947 944/944
f 944/944 945/945 948/948
f 901/901 948/948 945/945
f 945/945 949/949 901/901
f 949/949 945/945 946/946
f 946/946 950/950 949/949
f 953/953 952/952 951/951
f 951/951 954/954 953/953
f 902/902 422/422 952/952
f 952/952 953/953 902/902
f 901/901 902/902 953/953
f 953/953 948/948 901/901
f 948/948 953/953 954/954
f 954/954 947/947 948/948
f 957/957 956/956 955/955
f 955/955 958/958 957/957
f 906/906 903/903 956/956
f 956/956 957/957 906/906
f 910/910 906/906 957/957
f 957/957 934/934 910/910
f 934/934 957/957 958/958
f 958/958 840/840 934/934
f 955/955 960/960 959/959
f 959/959 958/958 955/955
f 958/958 959/959 839/839
f 839/839 840/840 958/958
f 961/961 941/941 942/942
f 942/942 962/962 961/961
f 955/955 961/961 962/962
f 962/962 960/960 955/955
f 964/964 963/963 950/950
f 950/950 965/965 964/964
f 956/956 903/903 963/963
f 963/963 964/964 956/956
f 955/955 956/956 964/964
f 964/964 961/961 955/955
f 961/961 964/964 965/965
f 965/965 941/941 961/961
f 966/966 939/939 941/941
f 941/941 965/965 966/966
f 967/967 938/938 939/939
f 939/939 966/966 967/967
f 943/943 967/967 966/966
f 966/966 946/946 943/943
f 946/946 966/966 965/965
f 965/965 950/950 946/946
f 968/968 904/904 899/899
f 899/899 900/900 968/968
f 963/963 903/903 904/904
f 904/904 968/968 963/963
f 950/950 963/963 968/968
f 968/968 949/949 950/950
f 949/949 968/968 900/900
f 900/900 901/901 949/949
f 971/971 970/970 969/969
f 969/969 972/972 971/971
f 889/889 892/892 970/970
f 970/970 971/971 889/889
f 888/888 889/889 971/971
f 971/971 973/973 888/888
f 973/973 971/971 972/972
f 972/972 974/974 973/973
f 977/977 976/976 975/975
f 975/975 978/978 977/977
f 834/834 977/977 978/978
f 978/978 833/833 834/834
f 975/975 976/976 979/979
f 979/979 980/980 975/975
f 980/980 979/979 981/981
f 981/981 982/982 980/980
f 983/983 980/980 982/982
f 982/982 984/984 983/983
f 985/985 975/975 980/980
f 980/980 983/983 985/985
f 986/986 985/985 983/983
f 983/983 987/987 986/986
f 987/987 983/983 984/984
f 984/984 988/988 987/987
f 989/989 985/985 986/986
f 986/986 990/990 989/989
f 978/978 975/975 985/985
f 985/985 989/989 978/978
f 833/833 978/978 989/989
f 989/989 991/991 833/833
f 991/991 989/989 990/990
f 990/990 915/915 991/991
f 993/993 992/992 892/892
f 892/892 913/913 993/993
f 987/987 988/988 992/992
f 992/992 993/993 987/987
f 986/986 987/987 993/993
f 993/993 990/990 986/986
f 990/990 993/993 913/913
f 913/913 915/915 990/990
f 995/995 994/994 974/974
f 974/974 972/972 995/995
f 997/997 996/996 994/994
f 994/994 995/995 997/997
f 998/998 997/997 995/995
f 995/995 999/999 998/998
f 999/999 995/995 972/972
f 972/972 969/969 999/999
f 1002/1002 1001/1001 1000/1000
f 1000/1000 1003/1003 1002/1002
f 1005/1005 1004/1004 1001/1001
f 1001/1001 1002/1002 1005/1005
f 1006/1006 982/982 981/981
f 981/981 1007/1007 1006/1006
f 1000/1000 1006/1006 1007/1007
f 1007/1007 1003/1003 1000/1000
f 1010/1010 1009/1009 1008/1008
f 1008/1008 1011/1011 1010/1010
f 1006/1006 1000/1000 1009/1009
f 1009/1009 1010/1010 1006/1006
f 982/982 1006/1006 1010/1010
f 1010/1010 984/984 982/982
f 984/984 1010/1010 1011/1011
f 1011/1011 988/988 984/984
f 1012/1012 1001/1001 1004/1004
f 1004/1004 1013/1013 1012/1012
f 1009/1009 1000/1000 1001/1001
f 1001/1001 1012/1012 1009/1009
f 1008/1008 1009/1009 1012/1012
f 1012/1012 1014/1014 1008/1008
f 1014/1014 1012/1012 1013/1013
f 1013/1013 1015/1015 1014/1014
f 1017/1017 1016/1016 998/998
f 998/998 999/999 1017/1017
f 1014/1014 1015/1015 1016/1016
f 1016/1016 1017/1017 1014/1014
f 1008/1008 1014/1014 1017/1017
f 1017/1017 1018/1018 1008/1008
f 1018/1018 1017/1017 999/999
f 999/999 969/969 1018/1018
f 1019/1019 1018/1018 969/969
f 969/969 970/970 1019/1019
f 1011/1011 1008/1008 1018/1018
f 1018/1018 1019/1019 1011/1011
f 988/988 1011/1011 1019/1019
f 1019/1019 992/992 988/988
f 992/992 1019/1019 970/970
f 970/970 892/892 992/992
f 1020/1020 835/835 836/836
f 836/836 1021/1021 1020/1020
f 828/828 1020/1020 1021/1021
f 1021/1021 827/827 828/828
f 1023/1023 1022/1022 648/648
f 648/648 649/649 1023/1023
f 496/496 493/493 1022/1022
f 1022/1022 1023/1023 496/496
f 500/500 496/496 1023/1023
f 1023/1023 1024/1024 500/500
f 1025/1025 991/991 915/915
f 915/915 916/916 1025/1025
f 829/829 833/833 991/991
f 991/991 1025/1025 829/829
f 1024/1024 1023/1023 649/649
f 649/649 650/650 1024/1024
f 828/828 829/829 1025/1025
f 1025/1025 1026/1026 828/828
f 1026/1026 1025/1025 916/916
f 916/916 917/917 1026/1026
f 1027/1027 104/104 108/108
f 108/108 800/800 1027/1027
f 645/645 103/103 104/104
f 104/104 1027/1027 645/645
f 1028/1028 936/936 835/835
f 835/835 1020/1020 1028/1028
f 933/933 923/923 936/936
f 936/936 1028/1028 933/933
f 263/263 645/645 1027/1027
f 1027/1027 488/488 263/263
f 488/488 1027/1027 800/800
f 800/800 492/492 488/488
f 917/917 933/933 1028/1028
f 1028/1028 1026/1026 917/917
f 1026/1026 1028/1028 1020/1020
f 1020/1020 828/828 1026/1026
f 1029/1029 119/119 120/120
f 120/120 497/497 1029/1029
f 1030/1030 118/118 119/119
f 119/119 1029/1029 1030/1030
f 1031/1031 1030/1030 1029/1029
f 1029/1029 1032/1032 1031/1031
f 1032/1032 1029/1029 497/497
f 497/497 498/498 1032/1032
f 1033/1033 1030/1030 1031/1031
f 1031/1031 1034/1034 1033/1033
f 128/128 118/118 1030/1030
f 1030/1030 1033/1033 128/128
f 127/127 128/128 1033/1033
f 1033/1033 1035/1035 127/127
f 1035/1035 1033/1033 1034/1034
f 1034/1034 1036/1036 1035/1035
f 1038/1038 1037/1037 109/109
f 109/109 1039/1039 1038/1038
f 1041/1041 1040/1040 1037/1037
f 1037/1037 1038/1038 1041/1041
f 330/330 1041/1041 1038/1038
f 1038/1038 333/333 330/330
f 333/333 1038/1038 1039/1039
f 1039/1039 337/337 333/333
f 1042/1042 1037/1037 1040/1040
f 1040/1040 1043/1043 1042/1042
f 112/112 109/109 1037/1037
f 1037/1037 1042/1042 112/112
f 120/120 112/112 1042/1042
f 1042/1042 494/494 120/120
f 494/494 1042/1042 1043/1043
f 1043/1043 493/493 494/494
f 1044/1044 110/110 113/113
f 113/113 462/462 1044/1044
f 1039/1039 109/109 110/110
f 110/110 1044/1044 1039/1039
f 337/337 1039/1039 1044/1044
f 1044/1044 339/339 337/337
f 339/339 1044/1044 462/462
f 462/462 338/338 339/339
f 1045/1045 353/353 356/356
f 356/356 1046/1046 1045/1045
f 186/186 183/183 353/353
f 353/353 1045/1045 186/186
f 74/74 186/186 1045/1045
f 1045/1045 77/77 74/74
f 77/77 1045/1045 1046/1046
f 1046/1046 88/88 77/77
f 1048/1048 1047/1047 125/125
f 125/125 169/169 1048/1048
f 390/390 391/391 1047/1047
f 1047/1047 1048/1048 390/390
f 356/356 390/390 1048/1048
f 1048/1048 1046/1046 356/356
f 1046/1046 1048/1048 169/169
f 169/169 88/88 1046/1046
f 1050/1050 1049/1049 121/121
f 121/121 122/122 1050/1050
f 401/401 402/402 1049/1049
f 1049/1049 1050/1050 401/401
f 391/391 401/401 1050/1050
f 1050/1050 1047/1047 391/391
f 1047/1047 1050/1050 122/122
f 122/122 125/125 1047/1047
f 1051/1051 71/71 72/72
f 72/72 397/397 1051/1051
f 94/94 70/70 71/71
f 71/71 1051/1051 94/94
f 102/102 94/94 1051/1051
f 1051/1051 532/532 102/102
f 532/532 1051/1051 397/397
f 397/397 398/398 532/532
f 1052/1052 444/444 57/57
f 57/57 58/58 1052/1052
f 50/50 47/47 444/444
f 444/444 1052/1052 50/50
f 52/52 50/50 1052/1052
f 1052/1052 140/140 52/52
f 140/140 1052/1052 58/58
f 58/58 59/59 140/140
f 1053/1053 148/148 121/121
f 121/121 1049/1049 1053/1053
f 1054/1054 147/147 148/148
f 148/148 1053/1053 1054/1054
f 408/408 1054/1054 1053/1053
f 1053/1053 407/407 408/408
f 407/407 1053/1053 1049/1049
f 1049/1049 402/402 407/407
f 1056/1056 1055/1055 334/334
f 334/334 335/335 1056/1056
f 1057/1057 815/815 1055/1055
f 1055/1055 1056/1056 1057/1057
f 218/218 1057/1057 1056/1056
f 1056/1056 217/217 218/218
f 217/217 1056/1056 335/335
f 335/335 216/216 217/217
f 1058/1058 371/371 372/372
f 372/372 506/506 1058/1058
f 376/376 370/370 371/371
f 371/371 1058/1058 376/376
f 375/375 376/376 1058/1058
f 1058/1058 1059/1059 375/375
f 1059/1059 1058/1058 506/506
f 506/506 255/255 1059/1059
f 1060/1060 43/43 44/44
f 44/44 153/153 1060/1060
f 413/413 42/42 43/43
f 43/43 1060/1060 413/413
f 408/408 413/413 1060/1060
f 1060/1060 1054/1054 408/408
f 1054/1054 1060/1060 153/153
f 153/153 147/147 1054/1054
f 1061/1061 1057/1057 218/218
f 218/218 1062/1062 1061/1061
f 812/812 815/815 1057/1057
f 1057/1057 1061/1061 812/812
f 811/811 812/812 1061/1061
f 1061/1061 883/883 811/811
f 883/883 1061/1061 1062/1062
f 1062/1062 878/878 883/883
f 1065/1065 1064/1064 1063/1063
f 1063/1063 1066/1066 1065/1065
f 1068/1068 1067/1067 1064/1064
f 1064/1064 1065/1065 1068/1068
f 1069/1069 1068/1068 1065/1065
f 1065/1065 1070/1070 1069/1069
f 1070/1070 1065/1065 1066/1066
f 1066/1066 1071/1071 1070/1070
f 1074/1074 1073/1073 1072/1072
f 1072/1072 1075/1075 1074/1074
f 1066/1066 1063/1063 1073/1073
f 1073/1073 1074/1074 1066/1066
f 1071/1071 1066/1066 1074/1074
f 1074/1074 1076/1076 1071/1071
f 1076/1076 1074/1074 1075/1075
f 1075/1075 1077/1077 1076/1076
f 1080/1080 1079/1079 1078/1078
f 1078/1078 1081/1081 1080/1080
f 1083/1083 1082/1082 1079/1079
f 1079/1079 1080/1080 1083/1083
f 1084/1084 1083/1083 1080/1080
f 1080/1080 1085/1085 1084/1084
f 1085/1085 1080/1080 1081/1081
f 1081/1081 1086/1086 1085/1085
f 1087/1087 1075/1075 1072/1072
f 1072/1072 1088/1088 1087/1087
f 1089/1089 1077/1077 1075/1075
f 1075/1075 1087/1087 1089/1089
f 1084/1084 1089/1089 1087/1087
f 1087/1087 1083/1083 1084/1084
f 1083/1083 1087/1087 1088/1088
f 1088/1088 1082/1082 1083/1083
f 1092/1092 1091/1091 1090/1090
f 1090/1090 1093/1093 1092/1092
f 1095/1095 1094/1094 1091/1091
f 1091/1091 1092/1092 1095/1095
f 1096/1096 1095/1095 1092/1092
f 1092/1092 1097/1097 1096/1096
f 1097/1097 1092/1092 1093/1093
f 1093/1093 1098/1098 1097/1097
f 1100/1100 1099/1099 1094/1094
f 1094/1094 1095/1095 1100/1100
f 1102/1102 1101/1101 1099/1099
f 1099/1099 1100/1100 1102/1102
f 1103/1103 1102/1102 1100/1100
f 1100/1100 1104/1104 1103/1103
f 1104/1104 1100/1100 1095/1095
f 1095/1095 1096/1096 1104/1104
f 1106/1106 1105/1105 1101/1101
f 1101/1101 1102/1102 1106/1106
f 1107/1107 1036/1036 1105/1105
f 1105/1105 1106/1106 1107/1107
f 1108/1108 1107/1107 1106/1106
f 1106/1106 1109/1109 1108/1108
f 1109/1109 1106/1106 1102/1102
f 1102/1102 1103/1103 1109/1109
f 1111/1111 1110/1110 1098/1098
f 1098/1098 1093/1093 1111/1111
f 1113/1113 1112/1112 1110/1110
f 1110/1110 1111/1111 1113/1113
f 996/996 1113/1113 1111/1111
f 1111/1111 1114/1114 996/996
f 1114/1114 1111/1111 1093/1093
f 1093/1093 1090/1090 1114/1114
f 1117/1117 1116/1116 1115/1115
f 1115/1115 1118/1118 1117/1117
f 1120/1120 1119/1119 1116/1116
f 1116/1116 1117/1117 1120/1120
f 1121/1121 1120/1120 1117/1117
f 1117/1117 1122/1122 1121/1121
f 1122/1122 1117/1117 1118/1118
f 1118/1118 1123/1123 1122/1122
f 1126/1126 1125/1125 1124/1124
f 1124/1124 1127/1127 1126/1126
f 1129/1129 1128/1128 1125/1125
f 1125/1125 1126/1126 1129/1129
f 1119/1119 1129/1129 1126/1126
f 1126/1126 1116/1116 1119/1119
f 1116/1116 1126/1126 1127/1127
f 1127/1127 1115/1115 1116/1116
f 1132/1132 1131/1131 1130/1130
f 1130/1130 1133/1133 1132/1132
f 1135/1135 1134/1134 1131/1131
f 1131/1131 1132/1132 1135/1135
f 1128/1128 1135/1135 1132/1132
f 1132/1132 1125/1125 1128/1128
f 1125/1125 1132/1132 1133/1133
f 1133/1133 1124/1124 1125/1125
f 1136/1136 1122/1122 1123/1123
f 1123/1123 1137/1137 1136/1136
f 1138/1138 1121/1121 1122/1122
f 1122/1122 1136/1136 1138/1138
f 1139/1139 1138/1138 1136/1136
f 1136/1136 1140/1140 1139/1139
f 1140/1140 1136/1136 1137/1137
f 1137/1137 1141/1141 1140/1140
f 1142/1142 1109/1109 1103/1103
f 1103/1103 1143/1143 1142/1142
f 1144/1144 1108/1108 1109/1109
f 1109/1109 1142/1142 1144/1144
f 1130/1130 1144/1144 1142/1142
f 1142/1142 1133/1133 1130/1130
f 1133/1133 1142/1142 1143/1143
f 1143/1143 1124/1124 1133/1133
f 1145/1145 1104/1104 1096/1096
f 1096/1096 1146/1146 1145/1145
f 1143/1143 1103/1103 1104/1104
f 1104/1104 1145/1145 1143/1143
f 1124/1124 1143/1143 1145/1145
f 1145/1145 1127/1127 1124/1124
f 1127/1127 1145/1145 1146/1146
f 1146/1146 1115/1115 1127/1127
f 1147/1147 1097/1097 1098/1098
f 1098/1098 1148/1148 1147/1147
f 1146/1146 1096/1096 1097/1097
f 1097/1097 1147/1147 1146/1146
f 1115/1115 1146/1146 1147/1147
f 1147/1147 1118/1118 1115/1115
f 1118/1118 1147/1147 1148/1148
f 1148/1148 1123/1123 1118/1118
f 1149/1149 1110/1110 1112/1112
f 1112/1112 1150/1150 1149/1149
f 1148/1148 1098/1098 1110/1110
f 1110/1110 1149/1149 1148/1148
f 1123/1123 1148/1148 1149/1149
f 1149/1149 1137/1137 1123/1123
f 1137/1137 1149/1149 1150/1150
f 1150/1150 1141/1141 1137/1137
f 1153/1153 1152/1152 1151/1151
f 1151/1151 1154/1154 1153/1153
f 1156/1156 1155/1155 1152/1152
f 1152/1152 1153/1153 1156/1156
f 1157/1157 1156/1156 1153/1153
f 1153/1153 1158/1158 1157/1157
f 1158/1158 1153/1153 1154/1154
f 1154/1154 1159/1159 1158/1158
f 1160/1160 1073/1073 1063/1063
f 1063/1063 1161/1161 1160/1160
f 1162/1162 1072/1072 1073/1073
f 1073/1073 1160/1160 1162/1162
f 1163/1163 1162/1162 1160/1160
f 1160/1160 1164/1164 1163/1163
f 1164/1164 1160/1160 1161/1161
f 1161/1161 1159/1159 1164/1164
f 1167/1167 1166/1166 1165/1165
f 1165/1165 1168/1168 1167/1167
f 1154/1154 1151/1151 1166/1166
f 1166/1166 1167/1167 1154/1154
f 1159/1159 1154/1154 1167/1167
f 1167/1167 1164/1164 1159/1159
f 1164/1164 1167/1167 1168/1168
f 1168/1168 1163/1163 1164/1164
f 1169/1169 1079/1079 1082/1082
f 1082/1082 1170/1170 1169/1169
f 1171/1171 1078/1078 1079/1079
f 1079/1079 1169/1169 1171/1171
f 1172/1172 1171/1171 1169/1169
f 1169/1169 1173/1173 1172/1172
f 1173/1173 1169/1169 1170/1170
f 1170/1170 1174/1174 1173/1173
f 1175/1175 1170/1170 1082/1082
f 1082/1082 1088/1088 1175/1175
f 1176/1176 1174/1174 1170/1170
f 1170/1170 1175/1175 1176/1176
f 1163/1163 1176/1176 1175/1175
f 1175/1175 1162/1162 1163/1163
f 1162/1162 1175/1175 1088/1088
f 1088/1088 1072/1072 1162/1162
f 1179/1179 1178/1178 1177/1177
f 1177/1177 1180/1180 1179/1179
f 1168/1168 1165/1165 1178/1178
f 1178/1178 1179/1179 1168/1168
f 1163/1163 1168/1168 1179/1179
f 1179/1179 1176/1176 1163/1163
f 1176/1176 1179/1179 1180/1180
f 1180/1180 1174/1174 1176/1176
f 1181/1181 1173/1173 1174/1174
f 1174/1174 1180/1180 1181/1181
f 1182/1182 1172/1172 1173/1173
f 1173/1173 1181/1181 1182/1182
f 1183/1183 1182/1182 1181/1181
f 1181/1181 1184/1184 1183/1183
f 1184/1184 1181/1181 1180/1180
f 1180/1180 1177/1177 1184/1184
f 1186/1186 1185/1185 1157/1157
f 1157/1157 1158/1158 1186/1186
f 1064/1064 1067/1067 1185/1185
f 1185/1185 1186/1186 1064/1064
f 1063/1063 1064/1064 1186/1186
f 1186/1186 1161/1161 1063/1063
f 1161/1161 1186/1186 1158/1158
f 1158/1158 1159/1159 1161/1161
f 1189/1189 1188/1188 1187/1187
f 1187/1187 1190/1190 1189/1189
f 1192/1192 1191/1191 1188/1188
f 1188/1188 1189/1189 1192/1192
f 1193/1193 1192/1192 1189/1189
f 1189/1189 1194/1194 1193/1193
f 1194/1194 1189/1189 1190/1190
f 1190/1190 1195/1195 1194/1194
f 1198/1198 1197/1197 1196/1196
f 1196/1196 1199/1199 1198/1198
f 1201/1201 1200/1200 1197/1197
f 1197/1197 1198/1198 1201/1201
f 1202/1202 1201/1201 1198/1198
f 1198/1198 1203/1203 1202/1202
f 1203/1203 1198/1198 1199/1199
f 1199/1199 1204/1204 1203/1203
f 1207/1207 1206/1206 1205/1205
f 1205/1205 1208/1208 1207/1207
f 1210/1210 1209/1209 1206/1206
f 1206/1206 1207/1207 1210/1210
f 1200/1200 1210/1210 1207/1207
f 1207/1207 1197/1197 1200/1200
f 1197/1197 1207/1207 1208/1208
f 1208/1208 1196/1196 1197/1197
f 1213/1213 1212/1212 1211/1211
f 1211/1211 1214/1214 1213/1213
f 1208/1208 1205/1205 1212/1212
f 1212/1212 1213/1213 1208/1208
f 1196/1196 1208/1208 1213/1213
f 1213/1213 1215/1215 1196/1196
f 1215/1215 1213/1213 1214/1214
f 1214/1214 1216/1216 1215/1215
f 1219/1219 1218/1218 1217/1217
f 1217/1217 1220/1220 1219/1219
f 1222/1222 1221/1221 1218/1218
f 1218/1218 1219/1219 1222/1222
f 1187/1187 1222/1222 1219/1219
f 1219/1219 1223/1223 1187/1187
f 1223/1223 1219/1219 1220/1220
f 1220/1220 1224/1224 1223/1223
f 1225/1225 1190/1190 1187/1187
f 1187/1187 1223/1223 1225/1225
f 1226/1226 1195/1195 1190/1190
f 1190/1190 1225/1225 1226/1226
f 1227/1227 1226/1226 1225/1225
f 1225/1225 1228/1228 1227/1227
f 1228/1228 1225/1225 1223/1223
f 1223/1223 1224/1224 1228/1228
f 1230/1230 1229/1229 1227/1227
f 1227/1227 1228/1228 1230/1230
f 1206/1206 1209/1209 1229/1229
f 1229/1229 1230/1230 1206/1206
f 1205/1205 1206/1206 1230/1230
f 1230/1230 1231/1231 1205/1205
f 1231/1231 1230/1230 1228/1228
f 1228/1228 1224/1224 1231/1231
f 1232/1232 1231/1231 1224/1224
f 1224/1224 1220/1220 1232/1232
f 1212/1212 1205/1205 1231/1231
f 1231/1231 1232/1232 1212/1212
f 1211/1211 1212/1212 1232/1232
f 1232/1232 1233/1233 1211/1211
f 1233/1233 1232/1232 1220/1220
f 1220/1220 1217/1217 1233/1233
f 1236/1236 1235/1235 1234/1234
f 1234/1234 1237/1237 1236/1236
f 1188/1188 1191/1191 1235/1235
f 1235/1235 1236/1236 1188/1188
f 1187/1187 1188/1188 1236/1236
f 1236/1236 1222/1222 1187/1187
f 1222/1222 1236/1236 1237/1237
f 1237/1237 1221/1221 1222/1222
f 1239/1239 1238/1238 1234/1234
f 1234/1234 1235/1235 1239/1239
f 225/225 226/226 1238/1238
f 1238/1238 1239/1239 225/225
f 224/224 225/225 1239/1239
f 1239/1239 1240/1240 224/224
f 1240/1240 1239/1239 1235/1235
f 1235/1235 1191/1191 1240/1240
f 1241/1241 234/234 224/224
f 224/224 1240/1240 1241/1241
f 1242/1242 254/254 234/234
f 234/234 1241/1241 1242/1242
f 1193/1193 1242/1242 1241/1241
f 1241/1241 1192/1192 1193/1193
f 1192/1192 1241/1241 1240/1240
f 1240/1240 1191/1191 1192/1192
f 1244/1244 1243/1243 1067/1067
f 1067/1067 1068/1068 1244/1244
f 1246/1246 1245/1245 1243/1243
f 1243/1243 1244/1244 1246/1246
f 1247/1247 1246/1246 1244/1244
f 1244/1244 1248/1248 1247/1247
f 1248/1248 1244/1244 1068/1068
f 1068/1068 1069/1069 1248/1248
f 1251/1251 1250/1250 1249/1249
f 1249/1249 1252/1252 1251/1251
f 1254/1254 1253/1253 1250/1250
f 1250/1250 1251/1251 1254/1254
f 1255/1255 1254/1254 1251/1251
f 1251/1251 1256/1256 1255/1255
f 1256/1256 1251/1251 1252/1252
f 1252/1252 1257/1257 1256/1256
f 1260/1260 1259/1259 1258/1258
f 1258/1258 1261/1261 1260/1260
f 1263/1263 1262/1262 1259/1259
f 1259/1259 1260/1260 1263/1263
f 1255/1255 1263/1263 1260/1260
f 1260/1260 1254/1254 1255/1255
f 1254/1254 1260/1260 1261/1261
f 1261/1261 1253/1253 1254/1254
f 1265/1265 1264/1264 1258/1258
f 1258/1258 1259/1259 1265/1265
f 1267/1267 1266/1266 1264/1264
f 1264/1264 1265/1265 1267/1267
f 1268/1268 1267/1267 1265/1265
f 1265/1265 1269/1269 1268/1268
f 1269/1269 1265/1265 1259/1259
f 1259/1259 1262/1262 1269/1269
f 1272/1272 1271/1271 1270/1270
f 1270/1270 1273/1273 1272/1272
f 1275/1275 1274/1274 1271/1271
f 1271/1271 1272/1272 1275/1275
f 1165/1165 1275/1275 1272/1272
f 1272/1272 1178/1178 1165/1165
f 1178/1178 1272/1272 1273/1273
f 1273/1273 1177/1177 1178/1178
f 1278/1278 1277/1277 1276/1276
f 1276/1276 1279/1279 1278/1278
f 1273/1273 1270/1270 1277/1277
f 1277/1277 1278/1278 1273/1273
f 1177/1177 1273/1273 1278/1278
f 1278/1278 1184/1184 1177/1177
f 1184/1184 1278/1278 1279/1279
f 1279/1279 1183/1183 1184/1184
f 1280/1280 1120/1120 1121/1121
f 1121/1121 1281/1281 1280/1280
f 1282/1282 1119/1119 1120/1120
f 1120/1120 1280/1280 1282/1282
f 1274/1274 1282/1282 1280/1280
f 1280/1280 1271/1271 1274/1274
f 1271/1271 1280/1280 1281/1281
f 1281/1281 1270/1270 1271/1271
f 1283/1283 1138/1138 1139/1139
f 1139/1139 1284/1284 1283/1283
f 1281/1281 1121/1121 1138/1138
f 1138/1138 1283/1283 1281/1281
f 1270/1270 1281/1281 1283/1283
f 1283/1283 1277/1277 1270/1270
f 1277/1277 1283/1283 1284/1284
f 1284/1284 1276/1276 1277/1277
f 1285/1285 1203/1203 1204/1204
f 1204/1204 1286/1286 1285/1285
f 1287/1287 1202/1202 1203/1203
f 1203/1203 1285/1285 1287/1287
f 1288/1288 1287/1287 1285/1285
f 1285/1285 1289/1289 1288/1288
f 1289/1289 1285/1285 1286/1286
f 1286/1286 1290/1290 1289/1289
f 1291/1291 1263/1263 1255/1255
f 1255/1255 1292/1292 1291/1291
f 1293/1293 1262/1262 1263/1263
f 1263/1263 1291/1291 1293/1293
f 1290/1290 1293/1293 1291/1291
f 1291/1291 1289/1289 1290/1290
f 1289/1289 1291/1291 1292/1292
f 1292/1292 1288/1288 1289/1289
f 1295/1295 1294/1294 1268/1268
f 1268/1268 1269/1269 1295/1295
f 1297/1297 1296/1296 1294/1294
f 1294/1294 1295/1295 1297/1297
f 1290/1290 1297/1297 1295/1295
f 1295/1295 1293/1293 1290/1290
f 1293/1293 1295/1295 1269/1269
f 1269/1269 1262/1262 1293/1293
f 1300/1300 1299/1299 1298/1298
f 1298/1298 1301/1301 1300/1300
f 1152/1152 1155/1155 1299/1299
f 1299/1299 1300/1300 1152/1152
f 1151/1151 1152/1152 1300/1300
f 1300/1300 1302/1302 1151/1151
f 1302/1302 1300/1300 1301/1301
f 1301/1301 1303/1303 1302/1302
f 1305/1305 1304/1304 1134/1134
f 1134/1134 1135/1135 1305/1305
f 1301/1301 1298/1298 1304/1304
f 1304/1304 1305/1305 1301/1301
f 1303/1303 1301/1301 1305/1305
f 1305/1305 1306/1306 1303/1303
f 1306/1306 1305/1305 1135/1135
f 1135/1135 1128/1128 1306/1306
f 1308/1308 1307/1307 1274/1274
f 1274/1274 1275/1275 1308/1308
f 1302/1302 1303/1303 1307/1307
f 1307/1307 1308/1308 1302/1302
f 1151/1151 1302/1302 1308/1308
f 1308/1308 1166/1166 1151/1151
f 1166/1166 1308/1308 1275/1275
f 1275/1275 1165/1165 1166/1166
f 1309/1309 1282/1282 1274/1274
f 1274/1274 1307/1307 1309/1309
f 1129/1129 1119/1119 1282/1282
f 1282/1282 1309/1309 1129/1129
f 1128/1128 1129/1129 1309/1309
f 1309/1309 1306/1306 1128/1128
f 1306/1306 1309/1309 1307/1307
f 1307/1307 1303/1303 1306/1306
f 1310/1310 1215/1215 1216/1216
f 1216/1216 1311/1311 1310/1310
f 1199/1199 1196/1196 1215/1215
f 1215/1215 1310/1310 1199/1199
f 1204/1204 1199/1199 1310/1310
f 1310/1310 1312/1312 1204/1204
f 1312/1312 1310/1310 1311/1311
f 1311/1311 1313/1313 1312/1312
f 1314/1314 1312/1312 1313/1313
f 1313/1313 1315/1315 1314/1314
f 1286/1286 1204/1204 1312/1312
f 1312/1312 1314/1314 1286/1286
f 1290/1290 1286/1286 1314/1314
f 1314/1314 1297/1297 1290/1290
f 1297/1297 1314/1314 1315/1315
f 1315/1315 1296/1296 1297/1297
f 1318/1318 1317/1317 1316/1316
f 1316/1316 1319/1319 1318/1318
f 1321/1321 1320/1320 1317/1317
f 1317/1317 1318/1318 1321/1321
f 1221/1221 1321/1321 1318/1318
f 1318/1318 1218/1218 1221/1221
f 1218/1218 1318/1318 1319/1319
f 1319/1319 1217/1217 1218/1218
f 1324/1324 1323/1323 1322/1322
f 1322/1322 1325/1325 1324/1324
f 1237/1237 1234/1234 1323/1323
f 1323/1323 1324/1324 1237/1237
f 1221/1221 1237/1237 1324/1324
f 1324/1324 1321/1321 1221/1221
f 1321/1321 1324/1324 1325/1325
f 1325/1325 1320/1320 1321/1321
f 1326/1326 1267/1267 1268/1268
f 1268/1268 1327/1327 1326/1326
f 1328/1328 1266/1266 1267/1267
f 1267/1267 1326/1326 1328/1328
f 1329/1329 1328/1328 1326/1326
f 1326/1326 1330/1330 1329/1329
f 1330/1330 1326/1326 1327/1327
f 1327/1327 1331/1331 1330/1330
f 1332/1332 1294/1294 1296/1296
f 1296/1296 1333/1333 1332/1332
f 1327/1327 1268/1268 1294/1294
f 1294/1294 1332/1332 1327/1327
f 1331/1331 1327/1327 1332/1332
f 1332/1332 1334/1334 1331/1331
f 1334/1334 1332/1332 1333/1333
f 1333/1333 1335/1335 1334/1334
f 1336/1336 1319/1319 1316/1316
f 1316/1316 1337/1337 1336/1336
f 1233/1233 1217/1217 1319/1319
f 1319/1319 1336/1336 1233/1233
f 1211/1211 1233/1233 1336/1336
f 1336/1336 1338/1338 1211/1211
f 1338/1338 1336/1336 1337/1337
f 1337/1337 1339/1339 1338/1338
f 1340/1340 1338/1338 1339/1339
f 1339/1339 1341/1341 1340/1340
f 1214/1214 1211/1211 1338/1338
f 1338/1338 1340/1340 1214/1214
f 1216/1216 1214/1214 1340/1340
f 1340/1340 1342/1342 1216/1216
f 1342/1342 1340/1340 1341/1341
f 1341/1341 1343/1343 1342/1342
f 1344/1344 1342/1342 1343/1343
f 1343/1343 1345/1345 1344/1344
f 1311/1311 1216/1216 1342/1342
f 1342/1342 1344/1344 1311/1311
f 1313/1313 1311/1311 1344/1344
f 1344/1344 1346/1346 1313/1313
f 1346/1346 1344/1344 1345/1345
f 1345/1345 1347/1347 1346/1346
f 1348/1348 1315/1315 1313/1313
f 1313/1313 1346/1346 1348/1348
f 1333/1333 1296/1296 1315/1315
f 1315/1315 1348/1348 1333/1333
f 1335/1335 1333/1333 1348/1348
f 1348/1348 1349/1349 1335/1335
f 1349/1349 1348/1348 1346/1346
f 1346/1346 1347/1347 1349/1349
f 1350/1350 486/486 484/484
f 484/484 1351/1351 1350/1350
f 1238/1238 226/226 486/486
f 486/486 1350/1350 1238/1238
f 1234/1234 1238/1238 1350/1350
f 1350/1350 1323/1323 1234/1234
f 1323/1323 1350/1350 1351/1351
f 1351/1351 1322/1322 1323/1323
f 1353/1353 1352/1352 1245/1245
f 1245/1245 1246/1246 1353/1353
f 1355/1355 1354/1354 1352/1352
f 1352/1352 1353/1353 1355/1355
f 1356/1356 1355/1355 1353/1353
f 1353/1353 1357/1357 1356/1356
f 1357/1357 1353/1353 1246/1246
f 1246/1246 1247/1247 1357/1357
f 1360/1360 1359/1359 1358/1358
f 1358/1358 1361/1361 1360/1360
f 1131/1131 1134/1134 1359/1359
f 1359/1359 1360/1360 1131/1131
f 1130/1130 1131/1131 1360/1360
f 1360/1360 1362/1362 1130/1130
f 1362/1362 1360/1360 1361/1361
f 1361/1361 1363/1363 1362/1362
f 1366/1366 1365/1365 1364/1364
f 1364/1364 1367/1367 1366/1366
f 1156/1156 1157/1157 1365/1365
f 1365/1365 1366/1366 1156/1156
f 1155/1155 1156/1156 1366/1366
f 1366/1366 1368/1368 1155/1155
f 1368/1368 1366/1366 1367/1367
f 1367/1367 1369/1369 1368/1368
f 1372/1372 1371/1371 1370/1370
f 1370/1370 1373/1373 1372/1372
f 1185/1185 1067/1067 1371/1371
f 1371/1371 1372/1372 1185/1185
f 1157/1157 1185/1185 1372/1372
f 1372/1372 1365/1365 1157/1157
f 1365/1365 1372/1372 1373/1373
f 1373/1373 1364/1364 1365/1365
f 1376/1376 1375/1375 1374/1374
f 1374/1374 1377/1377 1376/1376
f 1243/1243 1245/1245 1375/1375
f 1375/1375 1376/1376 1243/1243
f 1067/1067 1243/1243 1376/1376
f 1376/1376 1371/1371 1067/1067
f 1371/1371 1376/1376 1377/1377
f 1377/1377 1370/1370 1371/1371
f 1378/1378 1368/1368 1369/1369
f 1369/1369 1379/1379 1378/1378
f 1299/1299 1155/1155 1368/1368
f 1368/1368 1378/1378 1299/1299
f 1298/1298 1299/1299 1378/1378
f 1378/1378 1380/1380 1298/1298
f 1380/1380 1378/1378 1379/1379
f 1379/1379 1381/1381 1380/1380
f 1382/1382 1380/1380 1381/1381
f 1381/1381 1383/1383 1382/1382
f 1304/1304 1298/1298 1380/1380
f 1380/1380 1382/1382 1304/1304
f 1134/1134 1304/1304 1382/1382
f 1382/1382 1359/1359 1134/1134
f 1359/1359 1382/1382 1383/1383
f 1383/1383 1358/1358 1359/1359
f 1386/1386 1385/1385 1384/1384
f 1384/1384 1387/1387 1386/1386
f 1352/1352 1354/1354 1385/1385
f 1385/1385 1386/1386 1352/1352
f 1245/1245 1352/1352 1386/1386
f 1386/1386 1375/1375 1245/1245
f 1375/1375 1386/1386 1387/1387
f 1387/1387 1374/1374 1375/1375
f 1388/1388 1362/1362 1363/1363
f 1363/1363 1389/1389 1388/1388
f 1144/1144 1130/1130 1362/1362
f 1362/1362 1388/1388 1144/1144
f 1108/1108 1144/1144 1388/1388
f 1388/1388 1390/1390 1108/1108
f 1390/1390 1388/1388 1389/1389
f 1389/1389 1391/1391 1390/1390
f 1392/1392 1107/1107 1108/1108
f 1108/1108 1390/1390 1392/1392
f 1035/1035 1036/1036 1107/1107
f 1107/1107 1392/1392 1035/1035
f 127/127 1035/1035 1392/1392
f 1392/1392 1393/1393 127/127
f 1393/1393 1392/1392 1390/1390
f 1390/1390 1391/1391 1393/1393
f 1396/1396 1395/1395 1394/1394
f 1394/1394 1397/1397 1396/1396
f 1317/1317 1320/1320 1395/1395
f 1395/1395 1396/1396 1317/1317
f 1316/1316 1317/1317 1396/1396
f 1396/1396 1398/1398 1316/1316
f 1398/1398 1396/1396 1397/1397
f 1397/1397 1399/1399 1398/1398
f 1401/1401 1400/1400 1399/1399
f 1399/1399 1397/1397 1401/1401
f 1361/1361 1358/1358 1400/1400
f 1400/1400 1401/1401 1361/1361
f 1363/1363 1361/1361 1401/1401
f 1401/1401 1402/1402 1363/1363
f 1402/1402 1401/1401 1397/1397
f 1397/1397 1394/1394 1402/1402
f 1405/1405 1404/1404 1403/1403
f 1403/1403 1406/1406 1405/1405
f 1325/1325 1322/1322 1404/1404
f 1404/1404 1405/1405 1325/1325
f 1320/1320 1325/1325 1405/1405
f 1405/1405 1395/1395 1320/1320
f 1395/1395 1405/1405 1406/1406
f 1406/1406 1394/1394 1395/1395
f 1409/1409 1408/1408 1407/1407
f 1407/1407 1410/1410 1409/1409
f 1345/1345 1343/1343 1408/1408
f 1408/1408 1409/1409 1345/1345
f 1347/1347 1345/1345 1409/1409
f 1409/1409 1411/1411 1347/1347
f 1411/1411 1409/1409 1410/1410
f 1410/1410 1412/1412 1411/1411
f 1414/1414 1413/1413 1412/1412
f 1412/1412 1410/1410 1414/1414
f 1367/1367 1364/1364 1413/1413
f 1413/1413 1414/1414 1367/1367
f 1369/1369 1367/1367 1414/1414
f 1414/1414 1415/1415 1369/1369
f 1415/1415 1414/1414 1410/1410
f 1410/1410 1407/1407 1415/1415
f 1416/1416 1411/1411 1412/1412
f 1412/1412 1417/1417 1416/1416
f 1349/1349 1347/1347 1411/1411
f 1411/1411 1416/1416 1349/1349
f 1335/1335 1349/1349 1416/1416
f 1416/1416 1418/1418 1335/1335
f 1418/1418 1416/1416 1417/1417
f 1417/1417 1419/1419 1418/1418
f 1421/1421 1420/1420 1419/1419
f 1419/1419 1417/1417 1421/1421
f 1373/1373 1370/1370 1420/1420
f 1420/1420 1421/1421 1373/1373
f 1364/1364 1373/1373 1421/1421
f 1421/1421 1413/1413 1364/1364
f 1413/1413 1421/1421 1417/1417
f 1417/1417 1412/1412 1413/1413
f 1422/1422 1418/1418 1419/1419
f 1419/1419 1423/1423 1422/1422
f 1334/1334 1335/1335 1418/1418
f 1418/1418 1422/1422 1334/1334
f 1331/1331 1334/1334 1422/1422
f 1422/1422 1424/1424 1331/1331
f 1424/1424 1422/1422 1423/1423
f 1423/1423 1425/1425 1424/1424
f 1427/1427 1426/1426 1425/1425
f 1425/1425 1423/1423 1427/1427
f 1377/1377 1374/1374 1426/1426
f 1426/1426 1427/1427 1377/1377
f 1370/1370 1377/1377 1427/1427
f 1427/1427 1420/1420 1370/1370
f 1420/1420 1427/1427 1423/1423
f 1423/1423 1419/1419 1420/1420
f 1430/1430 1429/1429 1428/1428
f 1428/1428 1431/1431 1430/1430
f 1341/1341 1339/1339 1429/1429
f 1429/1429 1430/1430 1341/1341
f 1343/1343 1341/1341 1430/1430
f 1430/1430 1408/1408 1343/1343
f 1408/1408 1430/1430 1431/1431
f 1431/1431 1407/1407 1408/1408
f 1432/1432 1415/1415 1407/1407
f 1407/1407 1431/1431 1432/1432
f 1379/1379 1369/1369 1415/1415
f 1415/1415 1432/1432 1379/1379
f 1381/1381 1379/1379 1432/1432
f 1432/1432 1433/1433 1381/1381
f 1433/1433 1432/1432 1431/1431
f 1431/1431 1428/1428 1433/1433
f 1434/1434 1398/1398 1399/1399
f 1399/1399 1435/1435 1434/1434
f 1337/1337 1316/1316 1398/1398
f 1398/1398 1434/1434 1337/1337
f 1339/1339 1337/1337 1434/1434
f 1434/1434 1429/1429 1339/1339
f 1429/1429 1434/1434 1435/1435
f 1435/1435 1428/1428 1429/1429
f 1436/1436 1433/1433 1428/1428
f 1428/1428 1435/1435 1436/1436
f 1383/1383 1381/1381 1433/1433
f 1433/1433 1436/1436 1383/1383
f 1358/1358 1383/1383 1436/1436
f 1436/1436 1400/1400 1358/1358
f 1400/1400 1436/1436 1435/1435
f 1435/1435 1399/1399 1400/1400
f 1437/1437 1424/1424 1425/1425
f 1425/1425 1438/1438 1437/1437
f 1330/1330 1331/1331 1424/1424
f 1424/1424 1437/1437 1330/1330
f 1329/1329 1330/1330 1437/1437
f 1437/1437 1439/1439 1329/1329
f 1439/1439 1437/1437 1438/1438
f 1438/1438 1440/1440 1439/1439
f 1442/1442 1441/1441 1440/1440
f 1440/1440 1438/1438 1442/1442
f 1387/1387 1384/1384 1441/1441
f 1441/1441 1442/1442 1387/1387
f 1374/1374 1387/1387 1442/1442
f 1442/1442 1426/1426 1374/1374
f 1426/1426 1442/1442 1438/1438
f 1438/1438 1425/1425 1426/1426
f 1443/1443 1402/1402 1394/1394
f 1394/1394 1406/1406 1443/1443
f 1389/1389 1363/1363 1402/1402
f 1402/1402 1443/1443 1389/1389
f 1391/1391 1389/1389 1443/1443
f 1443/1443 1444/1444 1391/1391
f 1444/1444 1443/1443 1406/1406
f 1406/1406 1403/1403 1444/1444
f 1445/1445 130/130 127/127
f 127/127 1393/1393 1445/1445
f 1446/1446 459/459 130/130
f 130/130 1445/1445 1446/1446
f 1403/1403 1446/1446 1445/1445
f 1445/1445 1444/1444 1403/1403
f 1444/1444 1445/1445 1393/1393
f 1393/1393 1391/1391 1444/1444
f 1447/1447 1446/1446 1403/1403
f 1403/1403 1404/1404 1447/1447
f 826/826 459/459 1446/1446
f 1446/1446 1447/1447 826/826
f 484/484 826/826 1447/1447
f 1447/1447 1351/1351 484/484
f 1351/1351 1447/1447 1404/1404
f 1404/1404 1322/1322 1351/1351
f 1450/1450 1449/1449 1448/1448
f 1448/1448 1451/1451 1450/1450
f 1451/1451 1448/1448 1452/1452
f 1452/1452 1453/1453 1451/1451
f 1456/1456 1455/1455 1454/1454
f 1454/1454 1457/1457 1456/1456
f 1459/1459 1458/1458 1455/1455
f 1455/1455 1456/1456 1459/1459
f 1453/1453 1452/1452 1460/1460
f 1460/1460 1461/1461 1453/1453
f 1461/1461 1460/1460 1457/1457
f 1457/1457 1454/1454 1461/1461
f 1464/1464 1463/1463 1462/1462
f 1462/1462 1465/1465 1464/1464
f 1467/1467 1466/1466 1463/1463
f 1463/1463 1464/1464 1467/1467
f 1453/1453 1467/1467 1464/1464
f 1464/1464 1451/1451 1453/1453
f 1451/1451 1464/1464 1465/1465
f 1465/1465 1450/1450 1451/1451
f 1468/1468 1461/1461 1454/1454
f 1454/1454 1469/1469 1468/1468
f 1467/1467 1453/1453 1461/1461
f 1461/1461 1468/1468 1467/1467
f 1466/1466 1467/1467 1468/1468
f 1468/1468 1470/1470 1466/1466
f 1470/1470 1468/1468 1469/1469
f 1469/1469 1471/1471 1470/1470
f 1474/1474 1473/1473 1472/1472
f 1472/1472 1475/1475 1474/1474
f 1242/1242 1193/1193 1473/1473
f 1473/1473 1474/1474 1242/1242
f 254/254 1242/1242 1474/1474
f 1474/1474 307/307 254/254
f 307/307 1474/1474 1475/1475
f 1475/1475 306/306 307/307
f 1477/1477 1476/1476 1200/1200
f 1200/1200 1201/1201 1477/1477
f 1479/1479 1478/1478 1476/1476
f 1476/1476 1477/1477 1479/1479
f 1480/1480 1479/1479 1477/1477
f 1477/1477 1481/1481 1480/1480
f 1481/1481 1477/1477 1201/1201
f 1201/1201 1202/1202 1481/1481
f 1483/1483 1482/1482 1209/1209
f 1209/1209 1210/1210 1483/1483
f 1485/1485 1484/1484 1482/1482
f 1482/1482 1483/1483 1485/1485
f 1478/1478 1485/1485 1483/1483
f 1483/1483 1476/1476 1478/1478
f 1476/1476 1483/1483 1210/1210
f 1210/1210 1200/1200 1476/1476
f 1488/1488 1487/1487 1486/1486
f 1486/1486 1489/1489 1488/1488
f 1252/1252 1249/1249 1487/1487
f 1487/1487 1488/1488 1252/1252
f 1257/1257 1252/1252 1488/1488
f 1488/1488 1490/1490 1257/1257
f 1490/1490 1488/1488 1489/1489
f 1489/1489 1491/1491 1490/1490
f 1492/1492 1475/1475 1472/1472
f 1472/1472 1493/1493 1492/1492
f 352/352 306/306 1475/1475
f 1475/1475 1492/1492 352/352
f 351/351 352/352 1492/1492
f 1492/1492 1494/1494 351/351
f 1494/1494 1492/1492 1493/1493
f 1493/1493 1495/1495 1494/1494
f 1496/1496 1489/1489 1486/1486
f 1486/1486 1497/1497 1496/1496
f 1498/1498 1491/1491 1489/1489
f 1489/1489 1496/1496 1498/1498
f 1480/1480 1498/1498 1496/1496
f 1496/1496 1499/1499 1480/1480
f 1499/1499 1496/1496 1497/1497
f 1497/1497 1500/1500 1499/1499
f 1503/1503 1502/1502 1501/1501
f 1501/1501 1504/1504 1503/1503
f 1499/1499 1500/1500 1502/1502
f 1502/1502 1503/1503 1499/1499
f 1480/1480 1499/1499 1503/1503
f 1503/1503 1479/1479 1480/1480
f 1479/1479 1503/1503 1504/1504
f 1504/1504 1478/1478 1479/1479
f 1506/1506 1505/1505 1484/1484
f 1484/1484 1485/1485 1506/1506
f 1508/1508 1507/1507 1505/1505
f 1505/1505 1506/1506 1508/1508
f 1501/1501 1508/1508 1506/1506
f 1506/1506 1504/1504 1501/1501
f 1504/1504 1506/1506 1485/1485
f 1485/1485 1478/1478 1504/1504
f 1509/1509 1498/1498 1480/1480
f 1480/1480 1481/1481 1509/1509
f 1510/1510 1491/1491 1498/1498
f 1498/1498 1509/1509 1510/1510
f 1288/1288 1510/1510 1509/1509
f 1509/1509 1287/1287 1288/1288
f 1287/1287 1509/1509 1481/1481
f 1481/1481 1202/1202 1287/1287
f 1511/1511 1256/1256 1257/1257
f 1257/1257 1490/1490 1511/1511
f 1292/1292 1255/1255 1256/1256
f 1256/1256 1511/1511 1292/1292
f 1288/1288 1292/1292 1511/1511
f 1511/1511 1510/1510 1288/1288
f 1510/1510 1511/1511 1490/1490
f 1490/1490 1491/1491 1510/1510
f 1514/1514 1513/1513 1512/1512
f 1512/1512 1515/1515 1514/1514
f 1517/1517 1516/1516 1513/1513
f 1513/1513 1514/1514 1517/1517
f 1518/1518 1517/1517 1514/1514
f 1514/1514 1519/1519 1518/1518
f 1519/1519 1514/1514 1515/1515
f 1515/1515 1520/1520 1519/1519
f 1521/1521 1473/1473 1193/1193
f 1193/1193 1194/1194 1521/1521
f 1522/1522 1472/1472 1473/1473
f 1473/1473 1521/1521 1522/1522
f 1516/1516 1522/1522 1521/1521
f 1521/1521 1523/1523 1516/1516
f 1523/1523 1521/1521 1194/1194
f 1194/1194 1195/1195 1523/1523
f 1525/1525 1524/1524 1512/1512
f 1512/1512 1513/1513 1525/1525
f 1226/1226 1227/1227 1524/1524
f 1524/1524 1525/1525 1226/1226
f 1195/1195 1226/1226 1525/1525
f 1525/1525 1523/1523 1195/1195
f 1523/1523 1525/1525 1513/1513
f 1513/1513 1516/1516 1523/1523
f 1526/1526 1524/1524 1227/1227
f 1227/1227 1229/1229 1526/1526
f 1527/1527 1512/1512 1524/1524
f 1524/1524 1526/1526 1527/1527
f 1484/1484 1527/1527 1526/1526
f 1526/1526 1482/1482 1484/1484
f 1482/1482 1526/1526 1229/1229
f 1229/1229 1209/1209 1482/1482
f 1528/1528 1522/1522 1516/1516
f 1516/1516 1517/1517 1528/1528
f 1493/1493 1472/1472 1522/1522
f 1522/1522 1528/1528 1493/1493
f 1495/1495 1493/1493 1528/1528
f 1528/1528 1529/1529 1495/1495
f 1529/1529 1528/1528 1517/1517
f 1517/1517 1518/1518 1529/1529
f 1530/1530 1515/1515 1512/1512
f 1512/1512 1527/1527 1530/1530
f 1531/1531 1520/1520 1515/1515
f 1515/1515 1530/1530 1531/1531
f 1507/1507 1531/1531 1530/1530
f 1530/1530 1505/1505 1507/1507
f 1505/1505 1530/1530 1527/1527
f 1527/1527 1484/1484 1505/1505
f 1532/1532 1140/1140 1141/1141
f 1141/1141 1533/1533 1532/1532
f 1534/1534 1139/1139 1140/1140
f 1140/1140 1532/1532 1534/1534
f 1535/1535 1534/1534 1532/1532
f 1532/1532 1536/1536 1535/1535
f 1536/1536 1532/1532 1533/1533
f 1533/1533 1537/1537 1536/1536
f 1538/1538 1171/1171 1172/1172
f 1172/1172 1539/1539 1538/1538
f 1540/1540 1078/1078 1171/1171
f 1171/1171 1538/1538 1540/1540
f 1541/1541 1540/1540 1538/1538
f 1538/1538 1542/1542 1541/1541
f 1542/1542 1538/1538 1539/1539
f 1539/1539 1543/1543 1542/1542
f 1546/1546 1545/1545 1544/1544
f 1544/1544 1547/1547 1546/1546
f 1549/1549 1548/1548 1545/1545
f 1545/1545 1546/1546 1549/1549
f 1550/1550 1549/1549 1546/1546
f 1546/1546 1551/1551 1550/1550
f 1551/1551 1546/1546 1547/1547
f 1547/1547 1543/1543 1551/1551
f 1552/1552 1539/1539 1172/1172
f 1172/1172 1182/1182 1552/1552
f 1551/1551 1543/1543 1539/1539
f 1539/1539 1552/1552 1551/1551
f 1550/1550 1551/1551 1552/1552
f 1552/1552 1553/1553 1550/1550
f 1553/1553 1552/1552 1182/1182
f 1182/1182 1183/1183 1553/1553
f 1554/1554 1536/1536 1537/1537
f 1537/1537 1555/1555 1554/1554
f 1556/1556 1535/1535 1536/1536
f 1536/1536 1554/1554 1556/1556
f 1466/1466 1556/1556 1554/1554
f 1554/1554 1463/1463 1466/1466
f 1463/1463 1554/1554 1555/1555
f 1555/1555 1462/1462 1463/1463
f 1557/1557 1549/1549 1550/1550
f 1550/1550 1558/1558 1557/1557
f 1559/1559 1548/1548 1549/1549
f 1549/1549 1557/1557 1559/1559
f 1471/1471 1559/1559 1557/1557
f 1557/1557 1560/1560 1471/1471
f 1560/1560 1557/1557 1558/1558
f 1558/1558 1561/1561 1560/1560
f 1562/1562 1553/1553 1183/1183
f 1183/1183 1279/1279 1562/1562
f 1558/1558 1550/1550 1553/1553
f 1553/1553 1562/1562 1558/1558
f 1561/1561 1558/1558 1562/1562
f 1562/1562 1563/1563 1561/1561
f 1563/1563 1562/1562 1279/1279
f 1279/1279 1276/1276 1563/1563
f 1564/1564 1284/1284 1139/1139
f 1139/1139 1534/1534 1564/1564
f 1563/1563 1276/1276 1284/1284
f 1284/1284 1564/1564 1563/1563
f 1561/1561 1563/1563 1564/1564
f 1564/1564 1565/1565 1561/1561
f 1565/1565 1564/1564 1534/1534
f 1534/1534 1535/1535 1565/1565
f 1566/1566 1470/1470 1471/1471
f 1471/1471 1560/1560 1566/1566
f 1556/1556 1466/1466 1470/1470
f 1470/1470 1566/1566 1556/1556
f 1535/1535 1556/1556 1566/1566
f 1566/1566 1565/1565 1535/1535
f 1565/1565 1566/1566 1560/1560
f 1560/1560 1561/1561 1565/1565
f 1567/1567 1455/1455 1458/1458
f 1458/1458 1568/1568 1567/1567
f 1469/1469 1454/1454 1455/1455
f 1455/1455 1567/1567 1469/1469
f 1471/1471 1469/1469 1567/1567
f 1567/1567 1559/1559 1471/1471
f 1559/1559 1567/1567 1568/1568
f 1568/1568 1548/1548 1559/1559
f 179/179 1055/1055 815/815
f 815/815 189/189 179/179
f 180/180 334/334 1055/1055
f 1055/1055 179/179 180/180
f 1571/1571 1570/1570 1569/1569
f 1569/1569 1572/1572 1571/1571
f 1572/1572 1569/1569 1573/1573
f 1573/1573 1574/1574 1572/1572
f 1577/1577 1576/1576 1575/1575
f 1575/1575 1578/1578 1577/1577
f 1580/1580 1579/1579 1576/1576
f 1576/1576 1577/1577 1580/1580
f 1541/1541 1580/1580 1577/1577
f 1577/1577 1581/1581 1541/1541
f 1581/1581 1577/1577 1578/1578
f 1578/1578 1582/1582 1581/1581
f 1584/1584 1583/1583 1086/1086
f 1086/1086 1081/1081 1584/1584
f 1581/1581 1582/1582 1583/1583
f 1583/1583 1584/1584 1581/1581
f 1541/1541 1581/1581 1584/1584
f 1584/1584 1540/1540 1541/1541
f 1540/1540 1584/1584 1081/1081
f 1081/1081 1078/1078 1540/1540
f 1587/1587 1586/1586 1585/1585
f 1585/1585 1588/1588 1587/1587
f 1568/1568 1458/1458 1586/1586
f 1586/1586 1587/1587 1568/1568
f 1548/1548 1568/1568 1587/1587
f 1587/1587 1545/1545 1548/1548
f 1545/1545 1587/1587 1588/1588
f 1588/1588 1544/1544 1545/1545
f 1586/1586 1458/1458 1459/1459
f 1459/1459 1589/1589 1586/1586
f 1585/1585 1586/1586 1589/1589
f 1589/1589 1590/1590 1585/1585
f 1585/1585 1590/1590 1591/1591
f 1591/1591 1592/1592 1585/1585
f 1592/1592 1591/1591 1570/1570
f 1570/1570 1571/1571 1592/1592
f 1594/1594 1593/1593 1579/1579
f 1579/1579 1595/1595 1594/1594
f 1592/1592 1571/1571 1593/1593
f 1593/1593 1594/1594 1592/1592
f 1585/1585 1592/1592 1594/1594
f 1594/1594 1588/1588 1585/1585
f 1588/1588 1594/1594 1595/1595
f 1595/1595 1544/1544 1588/1588
f 1596/1596 1593/1593 1571/1571
f 1571/1571 1572/1572 1596/1596
f 1576/1576 1579/1579 1593/1593
f 1593/1593 1596/1596 1576/1576
f 1575/1575 1576/1576 1596/1596
f 1596/1596 1597/1597 1575/1575
f 1597/1597 1596/1596 1572/1572
f 1572/1572 1574/1574 1597/1597
f 1598/1598 1542/1542 1543/1543
f 1543/1543 1547/1547 1598/1598
f 1580/1580 1541/1541 1542/1542
f 1542/1542 1598/1598 1580/1580
f 1579/1579 1580/1580 1598/1598
f 1598/1598 1595/1595 1579/1579
f 1595/1595 1598/1598 1547/1547
f 1547/1547 1544/1544 1595/1595
f 1601/1601 1600/1600 1599/1599
f 1599/1599 1602/1602 1601/1601
f 1150/1150 1112/1112 1600/1600
f 1600/1600 1601/1601 1150/1150
f 1141/1141 1150/1150 1601/1601
f 1601/1601 1533/1533 1141/1141
f 1533/1533 1601/1601 1602/1602
f 1602/1602 1537/1537 1533/1533
f 1605/1605 1604/1604 1603/1603
f 1603/1603 1606/1606 1605/1605
f 1449/1449 1450/1450 1604/1604
f 1604/1604 1605/1605 1449/1449
f 1609/1609 1608/1608 1607/1607
f 1607/1607 1610/1610 1609/1609
f 1603/1603 1609/1609 1610/1610
f 1610/1610 1606/1606 1603/1603
f 1612/1612 1611/1611 1608/1608
f 1608/1608 1609/1609 1612/1612
f 1614/1614 1613/1613 1611/1611
f 1611/1611 1612/1612 1614/1614
f 1615/1615 1614/1614 1612/1612
f 1612/1612 1616/1616 1615/1615
f 1616/1616 1612/1612 1609/1609
f 1609/1609 1603/1603 1616/1616
f 1618/1618 1617/1617 1615/1615
f 1615/1615 1616/1616 1618/1618
f 1465/1465 1462/1462 1617/1617
f 1617/1617 1618/1618 1465/1465
f 1450/1450 1465/1465 1618/1618
f 1618/1618 1604/1604 1450/1450
f 1604/1604 1618/1618 1616/1616
f 1616/1616 1603/1603 1604/1604
f 1619/1619 1555/1555 1537/1537
f 1537/1537 1620/1620 1619/1619
f 1617/1617 1462/1462 1555/1555
f 1555/1555 1619/1619 1617/1617
f 1615/1615 1617/1617 1619/1619
f 1619/1619 1614/1614 1615/1615
f 1614/1614 1619/1619 1620/1620
f 1620/1620 1613/1613 1614/1614
f 1621/1621 1600/1600 1112/1112
f 1112/1112 1113/1113 1621/1621
f 1622/1622 1599/1599 1600/1600
f 1600/1600 1621/1621 1622/1622
f 998/998 1622/1622 1621/1621
f 1621/1621 997/997 998/998
f 997/997 1621/1621 1113/1113
f 1113/1113 996/996 997/997
f 1625/1625 1624/1624 1623/1623
f 1623/1623 1626/1626 1625/1625
f 1005/1005 1625/1625 1626/1626
f 1626/1626 1004/1004 1005/1005
f 1623/1623 1624/1624 1627/1627
f 1627/1627 1628/1628 1623/1623
f 1628/1628 1627/1627 1607/1607
f 1607/1607 1608/1608 1628/1628
f 1631/1631 1630/1630 1629/1629
f 1629/1629 1632/1632 1631/1631
f 1611/1611 1613/1613 1630/1630
f 1630/1630 1631/1631 1611/1611
f 1608/1608 1611/1611 1631/1631
f 1631/1631 1628/1628 1608/1608
f 1628/1628 1631/1631 1632/1632
f 1632/1632 1623/1623 1628/1628
f 1633/1633 1013/1013 1004/1004
f 1004/1004 1626/1626 1633/1633
f 1634/1634 1015/1015 1013/1013
f 1013/1013 1633/1633 1634/1634
f 1629/1629 1634/1634 1633/1633
f 1633/1633 1632/1632 1629/1629
f 1632/1632 1633/1633 1626/1626
f 1626/1626 1623/1623 1632/1632
f 1635/1635 1622/1622 998/998
f 998/998 1016/1016 1635/1635
f 1636/1636 1599/1599 1622/1622
f 1622/1622 1635/1635 1636/1636
f 1629/1629 1636/1636 1635/1635
f 1635/1635 1634/1634 1629/1629
f 1634/1634 1635/1635 1016/1016
f 1016/1016 1015/1015 1634/1634
f 1637/1637 1602/1602 1599/1599
f 1599/1599 1636/1636 1637/1637
f 1620/1620 1537/1537 1602/1602
f 1602/1602 1637/1637 1620/1620
f 1613/1613 1620/1620 1637/1637
f 1637/1637 1630/1630 1613/1613
f 1630/1630 1637/1637 1636/1636
f 1636/1636 1629/1629 1630/1630
f 1639/1639 1638/1638 375/375
f 375/375 1059/1059 1639/1639
f 1641/1641 1640/1640 1638/1638
f 1638/1638 1639/1639 1641/1641
f 259/259 1641/1641 1639/1639
f 1639/1639 256/256 259/259
f 256/256 1639/1639 1059/1059
f 1059/1059 255/255 256/256
f 1643/1643 1642/1642 382/382
f 382/382 378/378 1643/1643
f 1645/1645 1644/1644 1642/1642
f 1642/1642 1643/1643 1645/1645
f 1640/1640 1645/1645 1643/1643
f 1643/1643 1638/1638 1640/1640
f 1638/1638 1643/1643 378/378
f 378/378 375/375 1638/1638
f 1646/1646 952/952 422/422
f 422/422 417/417 1646/1646
f 1647/1647 951/951 952/952
f 952/952 1646/1646 1647/1647
f 1648/1648 1647/1647 1646/1646
f 1646/1646 1649/1649 1648/1648
f 1649/1649 1646/1646 417/417
f 417/417 414/414 1649/1649
f 1650/1650 423/423 382/382
f 382/382 1642/1642 1650/1650
f 1649/1649 414/414 423/423
f 423/423 1650/1650 1649/1649
f 1653/1653 1652/1652 1651/1651
f 1651/1651 1654/1654 1653/1653
f 1656/1656 1655/1655 1652/1652
f 1652/1652 1653/1653 1656/1656
f 1657/1657 1656/1656 1653/1653
f 1653/1653 1658/1658 1657/1657
f 1658/1658 1653/1653 1654/1654
f 1654/1654 1659/1659 1658/1658
f 1648/1648 1649/1649 1650/1650
f 1650/1650 1660/1660 1648/1648
f 1660/1660 1650/1650 1642/1642
f 1642/1642 1644/1644 1660/1660
f 1662/1662 1661/1661 1090/1090
f 1090/1090 1091/1091 1662/1662
f 1663/1663 366/366 1661/1661
f 1661/1661 1662/1662 1663/1663
f 1664/1664 1663/1663 1662/1662
f 1662/1662 1665/1665 1664/1664
f 1665/1665 1662/1662 1091/1091
f 1091/1091 1094/1094 1665/1665
f 1666/1666 1665/1665 1094/1094
f 1094/1094 1099/1099 1666/1666
f 1667/1667 1664/1664 1665/1665
f 1665/1665 1666/1666 1667/1667
f 1668/1668 1667/1667 1666/1666
f 1666/1666 1669/1669 1668/1668
f 1669/1669 1666/1666 1099/1099
f 1099/1099 1101/1101 1669/1669
f 1670/1670 1669/1669 1101/1101
f 1101/1101 1105/1105 1670/1670
f 1671/1671 1668/1668 1669/1669
f 1669/1669 1670/1670 1671/1671
f 1031/1031 1671/1671 1670/1670
f 1670/1670 1034/1034 1031/1031
f 1034/1034 1670/1670 1105/1105
f 1105/1105 1036/1036 1034/1034
f 1672/1672 1661/1661 366/366
f 366/366 365/365 1672/1672
f 1114/1114 1090/1090 1661/1661
f 1661/1661 1672/1672 1114/1114
f 996/996 1114/1114 1672/1672
f 1672/1672 994/994 996/996
f 994/994 1672/1672 365/365
f 365/365 974/974 994/994
f 1675/1675 1674/1674 1673/1673
f 1673/1673 1676/1676 1675/1675
f 1677/1677 363/363 1674/1674
f 1674/1674 1675/1675 1677/1677
f 1678/1678 1677/1677 1675/1675
f 1675/1675 1679/1679 1678/1678
f 1679/1679 1675/1675 1676/1676
f 1676/1676 35/35 1679/1679
f 1682/1682 1681/1681 1680/1680
f 1680/1680 1683/1683 1682/1682
f 1676/1676 1673/1673 1681/1681
f 1681/1681 1682/1682 1676/1676
f 35/35 1676/1676 1682/1682
f 1682/1682 34/34 35/35
f 34/34 1682/1682 1683/1683
f 1683/1683 33/33 34/34
f 1685/1685 1684/1684 498/498
f 498/498 499/499 1685/1685
f 1683/1683 1680/1680 1684/1684
f 1684/1684 1685/1685 1683/1683
f 33/33 1683/1683 1685/1685
f 1685/1685 1686/1686 33/33
f 1686/1686 1685/1685 499/499
f 499/499 500/500 1686/1686
f 1687/1687 362/362 363/363
f 363/363 1677/1677 1687/1687
f 891/891 888/888 362/362
f 362/362 1687/1687 891/891
f 896/896 891/891 1687/1687
f 1687/1687 1688/1688 896/896
f 1688/1688 1687/1687 1677/1677
f 1677/1677 1678/1678 1688/1688
f 1690/1690 1689/1689 1668/1668
f 1668/1668 1671/1671 1690/1690
f 1684/1684 1680/1680 1689/1689
f 1689/1689 1690/1690 1684/1684
f 498/498 1684/1684 1690/1690
f 1690/1690 1032/1032 498/498
f 1032/1032 1690/1690 1671/1671
f 1671/1671 1031/1031 1032/1032
f 1692/1692 1691/1691 1664/1664
f 1664/1664 1667/1667 1692/1692
f 1681/1681 1673/1673 1691/1691
f 1691/1691 1692/1692 1681/1681
f 1680/1680 1681/1681 1692/1692
f 1692/1692 1689/1689 1680/1680
f 1689/1689 1692/1692 1667/1667
f 1667/1667 1668/1668 1689/1689
f 1693/1693 364/364 366/366
f 366/366 1663/1663 1693/1693
f 1674/1674 363/363 364/364
f 364/364 1693/1693 1674/1674
f 1673/1673 1674/1674 1693/1693
f 1693/1693 1691/1691 1673/1673
f 1691/1691 1693/1693 1663/1663
f 1663/1663 1664/1664 1691/1691
f 361/361 973/973 974/974
f 974/974 365/365 361/361
f 362/362 888/888 973/973
f 973/973 361/361 362/362
f 1696/1696 1695/1695 1694/1694
f 1694/1694 1697/1697 1696/1696
f 1699/1699 1698/1698 1695/1695
f 1695/1695 1696/1696 1699/1699
f 1659/1659 1699/1699 1696/1696
f 1696/1696 1658/1658 1659/1659
f 1658/1658 1696/1696 1697/1697
f 1697/1697 1657/1657 1658/1658
f 1700/1700 659/659 656/656
f 656/656 1701/1701 1700/1700
f 1702/1702 392/392 659/659
f 659/659 1700/1700 1702/1702
f 1703/1703 1702/1702 1700/1700
f 1700/1700 1704/1704 1703/1703
f 1704/1704 1700/1700 1701/1701
f 1701/1701 1705/1705 1704/1704
f 1706/1706 1695/1695 1698/1698
f 1698/1698 1707/1707 1706/1706
f 1708/1708 1694/1694 1695/1695
f 1695/1695 1706/1706 1708/1708
f 1709/1709 1708/1708 1706/1706
f 1706/1706 1710/1710 1709/1709
f 1710/1710 1706/1706 1707/1707
f 1707/1707 1711/1711 1710/1710
f 1714/1714 1713/1713 1712/1712
f 1712/1712 1715/1715 1714/1714
f 1717/1717 1716/1716 1713/1713
f 1713/1713 1714/1714 1717/1717
f 1711/1711 1717/1717 1714/1714
f 1714/1714 1710/1710 1711/1711
f 1710/1710 1714/1714 1715/1715
f 1715/1715 1709/1709 1710/1710
f 1719/1719 1718/1718 1712/1712
f 1712/1712 1713/1713 1719/1719
f 1721/1721 1720/1720 1718/1718
f 1718/1718 1719/1719 1721/1721
f 1722/1722 1721/1721 1719/1719
f 1719/1719 1723/1723 1722/1722
f 1723/1723 1719/1719 1713/1713
f 1713/1713 1716/1716 1723/1723
f 1725/1725 1724/1724 1720/1720
f 1720/1720 1721/1721 1725/1725
f 1727/1727 1726/1726 1724/1724
f 1724/1724 1725/1725 1727/1727
f 1728/1728 1727/1727 1725/1725
f 1725/1725 1729/1729 1728/1728
f 1729/1729 1725/1725 1721/1721
f 1721/1721 1722/1722 1729/1729
f 1731/1731 1730/1730 1726/1726
f 1726/1726 1727/1727 1731/1731
f 1733/1733 1732/1732 1730/1730
f 1730/1730 1731/1731 1733/1733
f 1734/1734 1733/1733 1731/1731
f 1731/1731 1735/1735 1734/1734
f 1735/1735 1731/1731 1727/1727
f 1727/1727 1728/1728 1735/1735
f 1737/1737 1736/1736 1732/1732
f 1732/1732 1733/1733 1737/1737
f 1739/1739 1738/1738 1736/1736
f 1736/1736 1737/1737 1739/1739
f 1740/1740 1739/1739 1737/1737
f 1737/1737 1741/1741 1740/1740
f 1741/1741 1737/1737 1733/1733
f 1733/1733 1734/1734 1741/1741
f 1743/1743 1742/1742 1738/1738
f 1738/1738 1739/1739 1743/1743
f 1745/1745 1744/1744 1742/1742
f 1742/1742 1743/1743 1745/1745
f 1746/1746 1745/1745 1743/1743
f 1743/1743 1747/1747 1746/1746
f 1747/1747 1743/1743 1739/1739
f 1739/1739 1740/1740 1747/1747
f 1748/1748 1704/1704 1705/1705
f 1705/1705 1749/1749 1748/1748
f 1750/1750 1703/1703 1704/1704
f 1704/1704 1748/1748 1750/1750
f 1751/1751 1750/1750 1748/1748
f 1748/1748 1752/1752 1751/1751
f 1752/1752 1748/1748 1749/1749
f 1749/1749 1753/1753 1752/1752
f 1755/1755 1754/1754 1744/1744
f 1744/1744 1745/1745 1755/1755
f 1752/1752 1753/1753 1754/1754
f 1754/1754 1755/1755 1752/1752
f 1751/1751 1752/1752 1755/1755
f 1755/1755 1756/1756 1751/1751
f 1756/1756 1755/1755 1745/1745
f 1745/1745 1746/1746 1756/1756
f 1758/1758 1757/1757 515/515
f 515/515 510/510 1758/1758
f 1654/1654 1651/1651 1757/1757
f 1757/1757 1758/1758 1654/1654
f 1659/1659 1654/1654 1758/1758
f 1758/1758 1759/1759 1659/1659
f 1759/1759 1758/1758 510/510
f 510/510 507/507 1759/1759
f 1761/1761 1760/1760 1698/1698
f 1698/1698 1699/1699 1761/1761
f 520/520 521/521 1760/1760
f 1760/1760 1761/1761 520/520
f 507/507 520/520 1761/1761
f 1761/1761 1759/1759 507/507
f 1759/1759 1761/1761 1699/1699
f 1699/1699 1659/1659 1759/1759
f 1762/1762 395/395 392/392
f 392/392 1702/1702 1762/1762
f 529/529 398/398 395/395
f 395/395 1762/1762 529/529
f 528/528 529/529 1762/1762
f 1762/1762 1763/1763 528/528
f 1763/1763 1762/1762 1702/1702
f 1702/1702 1703/1703 1763/1763
f 1764/1764 1707/1707 1698/1698
f 1698/1698 1760/1760 1764/1764
f 1765/1765 1711/1711 1707/1707
f 1707/1707 1764/1764 1765/1765
f 527/527 1765/1765 1764/1764
f 1764/1764 526/526 527/527
f 526/526 1764/1764 1760/1760
f 1760/1760 521/521 526/526
f 1766/1766 1717/1717 1711/1711
f 1711/1711 1765/1765 1766/1766
f 1767/1767 1716/1716 1717/1717
f 1717/1717 1766/1766 1767/1767
f 547/547 1767/1767 1766/1766
f 1766/1766 546/546 547/547
f 546/546 1766/1766 1765/1765
f 1765/1765 527/527 546/546
f 1768/1768 1723/1723 1716/1716
f 1716/1716 1767/1767 1768/1768
f 1769/1769 1722/1722 1723/1723
f 1723/1723 1768/1768 1769/1769
f 555/555 1769/1769 1768/1768
f 1768/1768 554/554 555/555
f 554/554 1768/1768 1767/1767
f 1767/1767 547/547 554/554
f 1770/1770 1729/1729 1722/1722
f 1722/1722 1769/1769 1770/1770
f 1771/1771 1728/1728 1729/1729
f 1729/1729 1770/1770 1771/1771
f 556/556 1771/1771 1770/1770
f 1770/1770 559/559 556/556
f 559/559 1770/1770 1769/1769
f 1769/1769 555/555 559/559
f 1772/1772 1735/1735 1728/1728
f 1728/1728 1771/1771 1772/1772
f 1773/1773 1734/1734 1735/1735
f 1735/1735 1772/1772 1773/1773
f 543/543 1773/1773 1772/1772
f 1772/1772 563/563 543/543
f 563/563 1772/1772 1771/1771
f 1771/1771 556/556 563/563
f 1774/1774 538/538 535/535
f 535/535 1775/1775 1774/1774
f 1773/1773 543/543 538/538
f 538/538 1774/1774 1773/1773
f 1734/1734 1773/1773 1774/1774
f 1774/1774 1741/1741 1734/1734
f 1741/1741 1774/1774 1775/1775
f 1775/1775 1740/1740 1741/1741
f 1776/1776 1747/1747 1740/1740
f 1740/1740 1775/1775 1776/1776
f 1777/1777 1746/1746 1747/1747
f 1747/1747 1776/1776 1777/1777
f 565/565 1777/1777 1776/1776
f 1776/1776 568/568 565/565
f 568/568 1776/1776 1775/1775
f 1775/1775 535/535 568/568
f 1778/1778 1750/1750 1751/1751
f 1751/1751 1779/1779 1778/1778
f 1763/1763 1703/1703 1750/1750
f 1750/1750 1778/1778 1763/1763
f 528/528 1763/1763 1778/1778
f 1778/1778 579/579 528/528
f 579/579 1778/1778 1779/1779
f 1779/1779 573/573 579/579
f 1780/1780 1756/1756 1746/1746
f 1746/1746 1777/1777 1780/1780
f 1779/1779 1751/1751 1756/1756
f 1756/1756 1780/1780 1779/1779
f 573/573 1779/1779 1780/1780
f 1780/1780 571/571 573/573
f 571/571 1780/1780 1777/1777
f 1777/1777 565/565 571/571
f 1782/1782 1781/1781 1501/1501
f 1501/1501 1502/1502 1782/1782
f 1784/1784 1783/1783 1781/1781
f 1781/1781 1782/1782 1784/1784
f 1785/1785 1784/1784 1782/1782
f 1782/1782 1786/1786 1785/1785
f 1786/1786 1782/1782 1502/1502
f 1502/1502 1500/1500 1786/1786
f 1787/1787 1261/1261 1258/1258
f 1258/1258 1788/1788 1787/1787
f 1789/1789 1253/1253 1261/1261
f 1261/1261 1787/1787 1789/1789
f 1790/1790 1789/1789 1787/1787
f 1787/1787 1791/1791 1790/1790
f 1791/1791 1787/1787 1788/1788
f 1788/1788 1792/1792 1791/1791
f 1793/1793 1487/1487 1249/1249
f 1249/1249 1794/1794 1793/1793
f 1795/1795 1486/1486 1487/1487
f 1487/1487 1793/1793 1795/1795
f 1796/1796 1795/1795 1793/1793
f 1793/1793 1797/1797 1796/1796
f 1797/1797 1793/1793 1794/1794
f 1794/1794 1798/1798 1797/1797
f 1800/1800 1799/1799 1798/1798
f 1798/1798 1794/1794 1800/1800
f 1789/1789 1790/1790 1799/1799
f 1799/1799 1800/1800 1789/1789
f 1253/1253 1789/1789 1800/1800
f 1800/1800 1250/1250 1253/1253
f 1250/1250 1800/1800 1794/1794
f 1794/1794 1249/1249 1250/1250
f 1801/1801 1788/1788 1258/1258
f 1258/1258 1264/1264 1801/1801
f 1802/1802 1792/1792 1788/1788
f 1788/1788 1801/1801 1802/1802
f 1803/1803 1802/1802 1801/1801
f 1801/1801 1804/1804 1803/1803
f 1804/1804 1801/1801 1264/1264
f 1264/1264 1266/1266 1804/1804
f 1806/1806 1805/1805 1792/1792
f 1792/1792 1802/1802 1806/1806
f 1697/1697 1694/1694 1805/1805
f 1805/1805 1806/1806 1697/1697
f 1657/1657 1697/1697 1806/1806
f 1806/1806 1807/1807 1657/1657
f 1807/1807 1806/1806 1802/1802
f 1802/1802 1803/1803 1807/1807
f 1809/1809 1808/1808 1709/1709
f 1709/1709 1715/1715 1809/1809
f 1799/1799 1790/1790 1808/1808
f 1808/1808 1809/1809 1799/1799
f 1798/1798 1799/1799 1809/1809
f 1809/1809 1810/1810 1798/1798
f 1810/1810 1809/1809 1715/1715
f 1715/1715 1712/1712 1810/1810
f 1811/1811 1791/1791 1792/1792
f 1792/1792 1805/1805 1811/1811
f 1808/1808 1790/1790 1791/1791
f 1791/1791 1811/1811 1808/1808
f 1709/1709 1808/1808 1811/1811
f 1811/1811 1708/1708 1709/1709
f 1708/1708 1811/1811 1805/1805
f 1805/1805 1694/1694 1708/1708
f 1813/1813 1812/1812 1796/1796
f 1796/1796 1797/1797 1813/1813
f 1718/1718 1720/1720 1812/1812
f 1812/1812 1813/1813 1718/1718
f 1712/1712 1718/1718 1813/1813
f 1813/1813 1810/1810 1712/1712
f 1810/1810 1813/1813 1797/1797
f 1797/1797 1798/1798 1810/1810
f 1815/1815 1814/1814 1785/1785
f 1785/1785 1816/1816 1815/1815
f 1724/1724 1726/1726 1814/1814
f 1814/1814 1815/1815 1724/1724
f 1720/1720 1724/1724 1815/1815
f 1815/1815 1812/1812 1720/1720
f 1812/1812 1815/1815 1816/1816
f 1816/1816 1796/1796 1812/1812
f 1818/1818 1817/1817 1783/1783
f 1783/1783 1784/1784 1818/1818
f 1730/1730 1732/1732 1817/1817
f 1817/1817 1818/1818 1730/1730
f 1726/1726 1730/1730 1818/1818
f 1818/1818 1814/1814 1726/1726
f 1814/1814 1818/1818 1784/1784
f 1784/1784 1785/1785 1814/1814
f 1821/1821 1820/1820 1819/1819
f 1819/1819 1822/1822 1821/1821
f 1736/1736 1738/1738 1820/1820
f 1820/1820 1821/1821 1736/1736
f 1732/1732 1736/1736 1821/1821
f 1821/1821 1817/1817 1732/1732
f 1817/1817 1821/1821 1822/1822
f 1822/1822 1783/1783 1817/1817
f 1825/1825 1824/1824 1823/1823
f 1823/1823 1826/1826 1825/1825
f 1742/1742 1744/1744 1824/1824
f 1824/1824 1825/1825 1742/1742
f 1738/1738 1742/1742 1825/1825
f 1825/1825 1820/1820 1738/1738
f 1820/1820 1825/1825 1826/1826
f 1826/1826 1819/1819 1820/1820
f 1827/1827 1816/1816 1785/1785
f 1785/1785 1786/1786 1827/1827
f 1795/1795 1796/1796 1816/1816
f 1816/1816 1827/1827 1795/1795
f 1486/1486 1795/1795 1827/1827
f 1827/1827 1497/1497 1486/1486
f 1497/1497 1827/1827 1786/1786
f 1786/1786 1500/1500 1497/1497
f 1828/1828 1822/1822 1819/1819
f 1819/1819 1829/1829 1828/1828
f 1781/1781 1783/1783 1822/1822
f 1822/1822 1828/1828 1781/1781
f 1501/1501 1781/1781 1828/1828
f 1828/1828 1508/1508 1501/1501
f 1508/1508 1828/1828 1829/1829
f 1829/1829 1507/1507 1508/1508
f 1830/1830 1531/1531 1507/1507
f 1507/1507 1829/1829 1830/1830
f 1831/1831 1520/1520 1531/1531
f 1531/1531 1830/1830 1831/1831
f 1823/1823 1831/1831 1830/1830
f 1830/1830 1826/1826 1823/1823
f 1826/1826 1830/1830 1829/1829
f 1829/1829 1819/1819 1826/1826
f 1832/1832 739/739 351/351
f 351/351 1494/1494 1832/1832
f 1833/1833 743/743 739/739
f 739/739 1832/1832 1833/1833
f 1834/1834 1833/1833 1832/1832
f 1832/1832 1835/1835 1834/1834
f 1835/1835 1832/1832 1494/1494
f 1494/1494 1495/1495 1835/1835
f 1838/1838 1837/1837 1836/1836
f 1836/1836 1839/1839 1838/1838
f 1529/1529 1518/1518 1837/1837
f 1837/1837 1838/1838 1529/1529
f 1495/1495 1529/1529 1838/1838
f 1838/1838 1835/1835 1495/1495
f 1835/1835 1838/1838 1839/1839
f 1839/1839 1834/1834 1835/1835
f 1841/1841 1840/1840 1705/1705
f 1705/1705 1701/1701 1841/1841
f 1833/1833 1834/1834 1840/1840
f 1840/1840 1841/1841 1833/1833
f 743/743 1833/1833 1841/1841
f 1841/1841 752/752 743/743
f 752/752 1841/1841 1701/1701
f 1701/1701 656/656 752/752
f 1842/1842 1840/1840 1834/1834
f 1834/1834 1839/1839 1842/1842
f 1749/1749 1705/1705 1840/1840
f 1840/1840 1842/1842 1749/1749
f 1753/1753 1749/1749 1842/1842
f 1842/1842 1843/1843 1753/1753
f 1843/1843 1842/1842 1839/1839
f 1839/1839 1836/1836 1843/1843
f 1844/1844 1843/1843 1836/1836
f 1836/1836 1845/1845 1844/1844
f 1754/1754 1753/1753 1843/1843
f 1843/1843 1844/1844 1754/1754
f 1744/1744 1754/1754 1844/1844
f 1844/1844 1824/1824 1744/1744
f 1824/1824 1844/1844 1845/1845
f 1845/1845 1823/1823 1824/1824
f 1846/1846 1837/1837 1518/1518
f 1518/1518 1519/1519 1846/1846
f 1845/1845 1836/1836 1837/1837
f 1837/1837 1846/1846 1845/1845
f 1823/1823 1845/1845 1846/1846
f 1846/1846 1831/1831 1823/1823
f 1831/1831 1846/1846 1519/1519
f 1519/1519 1520/1520 1831/1831
f 1848/1848 1847/1847 1655/1655
f 1655/1655 1656/1656 1848/1848
f 1850/1850 1849/1849 1847/1847
f 1847/1847 1848/1848 1850/1850
f 1803/1803 1850/1850 1848/1848
f 1848/1848 1807/1807 1803/1803
f 1807/1807 1848/1848 1656/1656
f 1656/1656 1657/1657 1807/1807
f 1851/1851 1850/1850 1803/1803
f 1803/1803 1804/1804 1851/1851
f 1852/1852 1849/1849 1850/1850
f 1850/1850 1851/1851 1852/1852
f 1329/1329 1852/1852 1851/1851
f 1851/1851 1328/1328 1329/1329
f 1328/1328 1851/1851 1804/1804
f 1804/1804 1266/1266 1328/1328
f 1853/1853 1757/1757 1651/1651
f 1651/1651 1854/1854 1853/1853
f 629/629 515/515 1757/1757
f 1757/1757 1853/1853 629/629
f 633/633 629/629 1853/1853
f 1853/1853 1855/1855 633/633
f 1855/1855 1853/1853 1854/1854
f 1854/1854 1856/1856 1855/1855
f 1858/1858 1857/1857 1354/1354
f 1354/1354 1355/1355 1858/1858
f 1860/1860 1859/1859 1857/1857
f 1857/1857 1858/1858 1860/1860
f 1861/1861 1860/1860 1858/1858
f 1858/1858 1862/1862 1861/1861
f 1862/1862 1858/1858 1355/1355
f 1355/1355 1356/1356 1862/1862
f 1865/1865 1864/1864 1863/1863
f 1863/1863 1866/1866 1865/1865
f 1868/1868 1867/1867 1864/1864
f 1864/1864 1865/1865 1868/1868
f 1869/1869 1868/1868 1865/1865
f 1865/1865 1870/1870 1869/1869
f 1870/1870 1865/1865 1866/1866
f 1866/1866 1871/1871 1870/1870
f 1873/1873 1872/1872 1859/1859
f 1859/1859 1860/1860 1873/1873
f 1875/1875 1874/1874 1872/1872
f 1872/1872 1873/1873 1875/1875
f 1876/1876 1875/1875 1873/1873
f 1873/1873 1877/1877 1876/1876
f 1877/1877 1873/1873 1860/1860
f 1860/1860 1861/1861 1877/1877
f 1878/1878 1864/1864 1867/1867
f 1867/1867 1879/1879 1878/1878
f 1880/1880 1863/1863 1864/1864
f 1864/1864 1878/1878 1880/1880
f 1876/1876 1880/1880 1878/1878
f 1878/1878 1875/1875 1876/1876
f 1875/1875 1878/1878 1879/1879
f 1879/1879 1874/1874 1875/1875
f 1881/1881 860/860 845/845
f 845/845 1882/1882 1881/1881
f 1883/1883 859/859 860/860
f 860/860 1881/1881 1883/1883
f 1871/1871 1883/1883 1881/1881
f 1881/1881 1870/1870 1871/1871
f 1870/1870 1881/1881 1882/1882
f 1882/1882 1869/1869 1870/1870
f 1886/1886 1885/1885 1884/1884
f 1884/1884 1887/1887 1886/1886
f 1857/1857 1859/1859 1885/1885
f 1885/1885 1886/1886 1857/1857
f 1354/1354 1857/1857 1886/1886
f 1886/1886 1385/1385 1354/1354
f 1385/1385 1886/1886 1887/1887
f 1887/1887 1384/1384 1385/1385
f 1889/1889 1888/1888 1867/1867
f 1867/1867 1868/1868 1889/1889
f 1891/1891 1890/1890 1888/1888
f 1888/1888 1889/1889 1891/1891
f 638/638 1891/1891 1889/1889
f 1889/1889 1892/1892 638/638
f 1892/1892 1889/1889 1868/1868
f 1868/1868 1869/1869 1892/1892
f 1893/1893 1882/1882 845/845
f 845/845 846/846 1893/1893
f 1892/1892 1869/1869 1882/1882
f 1882/1882 1893/1893 1892/1892
f 638/638 1892/1892 1893/1893
f 1893/1893 635/635 638/638
f 635/635 1893/1893 846/846
f 846/846 634/634 635/635
f 1896/1896 1895/1895 1894/1894
f 1894/1894 1897/1897 1896/1896
f 1888/1888 1890/1890 1895/1895
f 1895/1895 1896/1896 1888/1888
f 1867/1867 1888/1888 1896/1896
f 1896/1896 1879/1879 1867/1867
f 1879/1879 1896/1896 1897/1897
f 1897/1897 1874/1874 1879/1879
f 1899/1899 1898/1898 1884/1884
f 1884/1884 1885/1885 1899/1899
f 1897/1897 1894/1894 1898/1898
f 1898/1898 1899/1899 1897/1897
f 1874/1874 1897/1897 1899/1899
f 1899/1899 1872/1872 1874/1874
f 1872/1872 1899/1899 1885/1885
f 1885/1885 1859/1859 1872/1872
f 1900/1900 1439/1439 1440/1440
f 1440/1440 1901/1901 1900/1900
f 1852/1852 1329/1329 1439/1439
f 1439/1439 1900/1900 1852/1852
f 1849/1849 1852/1852 1900/1900
f 1900/1900 1902/1902 1849/1849
f 1902/1902 1900/1900 1901/1901
f 1901/1901 1903/1903 1902/1902
f 1905/1905 1904/1904 1903/1903
f 1903/1903 1901/1901 1905/1905
f 1887/1887 1884/1884 1904/1904
f 1904/1904 1905/1905 1887/1887
f 1384/1384 1887/1887 1905/1905
f 1905/1905 1441/1441 1384/1384
f 1441/1441 1905/1905 1901/1901
f 1901/1901 1440/1440 1441/1441
f 1906/1906 1902/1902 1903/1903
f 1903/1903 1907/1907 1906/1906
f 1847/1847 1849/1849 1902/1902
f 1902/1902 1906/1906 1847/1847
f 1655/1655 1847/1847 1906/1906
f 1906/1906 1908/1908 1655/1655
f 1908/1908 1906/1906 1907/1907
f 1907/1907 1909/1909 1908/1908
f 1910/1910 1891/1891 638/638
f 638/638 639/639 1910/1910
f 1911/1911 1890/1890 1891/1891
f 1891/1891 1910/1910 1911/1911
f 1856/1856 1911/1911 1910/1910
f 1910/1910 1855/1855 1856/1856
f 1855/1855 1910/1910 639/639
f 639/639 633/633 1855/1855
f 1913/1913 1912/1912 1909/1909
f 1909/1909 1907/1907 1913/1913
f 1898/1898 1894/1894 1912/1912
f 1912/1912 1913/1913 1898/1898
f 1884/1884 1898/1898 1913/1913
f 1913/1913 1904/1904 1884/1884
f 1904/1904 1913/1913 1907/1907
f 1907/1907 1903/1903 1904/1904
f 1915/1915 1914/1914 1909/1909
f 1909/1909 1912/1912 1915/1915
f 1911/1911 1856/1856 1914/1914
f 1914/1914 1915/1915 1911/1911
f 1890/1890 1911/1911 1915/1915
f 1915/1915 1895/1895 1890/1890
f 1895/1895 1915/1915 1912/1912
f 1912/1912 1894/1894 1895/1895
f 1916/1916 1854/1854 1651/1651
f 1651/1651 1652/1652 1916/1916
f 1914/1914 1856/1856 1854/1854
f 1854/1854 1916/1916 1914/1914
f 1909/1909 1914/1914 1916/1916
f 1916/1916 1908/1908 1909/1909
f 1908/1908 1916/1916 1652/1652
f 1652/1652 1655/1655 1908/1908
f 1919/1919 1918/1918 1917/1917
f 1917/1917 1920/1920 1919/1919
f 648/648 301/301 300/300
f 300/300 646/646 648/648
f 646/646 300/300 275/275
f 275/275 276/276 646/646
f 429/429 426/426 1918/1918
f 1918/1918 1919/1919 429/429
f 1922/1922 1921/1921 1040/1040
f 1040/1040 1041/1041 1922/1922
f 297/297 294/294 1921/1921
f 1921/1921 1922/1922 297/297
f 383/383 429/429 1919/1919
f 1919/1919 1923/1923 383/383
f 1923/1923 1919/1919 1920/1920
f 1920/1920 13/13 1923/1923
f 1924/1924 925/925 927/927
f 927/927 1925/1925 1924/1924
f 299/299 297/297 1922/1922
f 1922/1922 475/475 299/299
f 475/475 1922/1922 1041/1041
f 1041/1041 330/330 475/475
f 433/433 662/662 925/925
f 925/925 1924/1924 433/433
f 426/426 433/433 1924/1924
f 1924/1924 1918/1918 426/426
f 1918/1918 1924/1924 1925/1925
f 1925/1925 1917/1917 1918/1918
f 1926/1926 1921/1921 294/294
f 294/294 301/301 1926/1926
f 1043/1043 1040/1040 1921/1921
f 1921/1921 1926/1926 1043/1043
f 1928/1928 1927/1927 1678/1678
f 1678/1678 1679/1679 1928/1928
f 1920/1920 1917/1917 1927/1927
f 1927/1927 1928/1928 1920/1920
f 493/493 1043/1043 1926/1926
f 1926/1926 1022/1022 493/493
f 1022/1022 1926/1926 301/301
f 301/301 648/648 1022/1022
f 13/13 1920/1920 1928/1928
f 1928/1928 15/15 13/13
f 15/15 1928/1928 1679/1679
f 1679/1679 35/35 15/15
f 1929/1929 930/930 896/896
f 896/896 1688/1688 1929/1929
f 1925/1925 927/927 930/930
f 930/930 1929/1929 1925/1925
f 1917/1917 1925/1925 1929/1929
f 1929/1929 1927/1927 1917/1917
f 1927/1927 1929/1929 1688/1688
f 1688/1688 1678/1678 1927/1927
f 1930/1930 329/329 321/321
f 321/321 30/30 1930/1930
f 1931/1931 328/328 329/329
f 329/329 1930/1930 1931/1931
f 191/191 1931/1931 1930/1930
f 1930/1930 178/178 191/191
f 178/178 1930/1930 30/30
f 30/30 31/31 178/178
f 1932/1932 869/869 666/666
f 666/666 673/673 1932/1932
f 1931/1931 191/191 869/869
f 869/869 1932/1932 1931/1931
f 328/328 1931/1931 1932/1932
f 1932/1932 1933/1933 328/328
f 1933/1933 1932/1932 673/673
f 673/673 674/674 1933/1933
f 1934/1934 228/228 229/229
f 229/229 474/474 1934/1934
f 1933/1933 674/674 228/228
f 228/228 1934/1934 1933/1933
f 328/328 1933/1933 1934/1934
f 1934/1934 327/327 328/328
f 327/327 1934/1934 474/474
f 474/474 326/326 327/327
f 1936/1936 1935/1935 650/650
f 650/650 651/651 1936/1936
f 10/10 12/12 1935/1935
f 1935/1935 1936/1936 10/10
f 9/9 10/10 1936/1936
f 1936/1936 369/369 9/9
f 369/369 1936/1936 651/651
f 651/651 374/374 369/369
f 1937/1937 1686/1686 500/500
f 500/500 1024/1024 1937/1937
f 16/16 33/33 1686/1686
f 1686/1686 1937/1937 16/16
f 12/12 16/16 1937/1937
f 1937/1937 1935/1935 12/12
f 1935/1935 1937/1937 1024/1024
f 1024/1024 650/650 1935/1935
f 1938/1938 1062/1062 218/218
f 218/218 219/219 1938/1938
f 876/876 878/878 1062/1062
f 1062/1062 1938/1938 876/876
f 252/252 876/876 1938/1938
f 1938/1938 235/235 252/252
f 235/235 1938/1938 219/219
f 219/219 220/220 235/235
f 29/29 322/322 323/323
f 323/323 36/36 29/29
f 7/7 1923/1923 13/13
f 13/13 11/11 7/7
f 8/8 383/383 1923/1923
f 1923/1923 7/7 8/8
f 30/30 321/321 322/322
f 322/322 29/29 30/30
f 1939/1939 702/702 705/705
f 705/705 1940/1940 1939/1939
f 661/661 664/664 702/702
f 702/702 1939/1939 661/661
f 404/404 661/661 1939/1939
f 1939/1939 406/406 404/404
f 406/406 1939/1939 1940/1940
f 1940/1940 410/410 406/406
f 1941/1941 1940/1940 705/705
f 705/705 710/710 1941/1941
f 412/412 410/410 1940/1940
f 1940/1940 1941/1941 412/412
f 431/431 412/412 1941/1941
f 1941/1941 1942/1942 431/431
f 1942/1942 1941/1941 710/710
f 710/710 711/711 1942/1942
f 1943/1943 1942/1942 711/711
f 711/711 715/715 1943/1943
f 435/435 431/431 1942/1942
f 1942/1942 1943/1943 435/435
f 437/437 435/435 1943/1943
f 1943/1943 1944/1944 437/437
f 1944/1944 1943/1943 715/715
f 715/715 716/716 1944/1944
f 1945/1945 1944/1944 716/716
f 716/716 719/719 1945/1945
f 439/439 437/437 1944/1944
f 1944/1944 1945/1945 439/439
f 441/441 439/439 1945/1945
f 1945/1945 1946/1946 441/441
f 1946/1946 1945/1945 719/719
f 719/719 720/720 1946/1946
f 1947/1947 1946/1946 720/720
f 720/720 725/725 1947/1947
f 446/446 441/441 1946/1946
f 1946/1946 1947/1947 446/446
f 445/445 446/446 1947/1947
f 1947/1947 1948/1948 445/445
f 1948/1948 1947/1947 725/725
f 725/725 726/726 1948/1948
f 1/1 1948/1948 726/726
f 726/726 5/5 1/1
f 2/2 445/445 1948/1948
f 1948/1948 1/1 2/2
